Dia,Tratamiento,Peso_g,Peso_Anterior_g,Ganancia_Peso_g,Peso_Inicial_Promedio_g,Peso_Final_Promedio_g,Conversion_Alimenticia_Global,Consumo_g
5,T0R2,1722,1612.670974958186,109.32902504181402,39.4,3363.45,1.739702,247
8,T0R1,1719,1239.7144154572666,479.28558454273343,39.4,3363.45,1.739702,250
7,T2R5,3527,2499.317221071721,1027.6827789282788,593.2,2850.158,281.715,402
7,T0R1,2660,2332.2706744864654,327.7293255135346,39.4,3363.45,1.739702,378
1,T2R2,278,,,593.2,2850.158,281.715,40
4,T0R2,934,856.4515433378679,77.54845666213214,39.4,3363.45,1.739702,120
2,T0R4,368,277.01199475040335,90.98800524959665,39.4,3363.45,1.739702,56
2,T1R5,213,184.4739037949089,28.526096205091108,593.2,2850.158,281.715,40
8,T1R5,2327,1697.5848814651797,629.4151185348203,593.2,2850.158,281.715,359
7,T2R5,1605,1399.6077620904784,205.39223790952155,593.2,2850.158,281.715,196
6,T1R4,1245,1128.6086784321772,116.39132156782284,593.2,2850.158,281.715,206
7,T1R3,3065,2530.7955564592576,534.2044435407424,593.2,2850.158,281.715,394
10,T1R3,1682,1268.191641682677,413.8083583173229,593.2,2850.158,281.715,288
5,T1R5,1035,820.9169751223548,214.08302487764524,593.2,2850.158,281.715,163
6,T1R4,869,743.1618866086775,125.83811339132251,593.2,2850.158,281.715,152
4,T2R2,1006,831.3884434304721,174.61155656952792,593.2,2850.158,281.715,163
3,T2R2,152,114.77857065358725,37.22142934641275,593.2,2850.158,281.715,42
3,T1R5,145,109.69802512980816,35.30197487019184,593.2,2850.158,281.715,40
7,T0R4,3002,2769.039907168392,232.9600928316081,39.4,3363.45,1.739702,440
7,T2R2,3189,2546.602180344998,642.397819655002,593.2,2850.158,281.715,425
4,T2R3,1072,846.5859632517228,225.41403674827723,593.2,2850.158,281.715,145
10,T0R4,1731,1440.449293314721,290.550706685279,39.4,3363.45,1.739702,272
7,T1R5,2695,2417.7823623925497,277.21763760745034,593.2,2850.158,281.715,392
8,T0R5,2404,1932.642072127244,471.3579278727559,39.4,3363.45,1.739702,318
10,T0R4,2867,2407.9140674197192,459.08593258028077,39.4,3363.45,1.739702,448
3,T1R1,94,78.75427766008642,15.245722339913584,593.2,2850.158,281.715,34
7,T1R5,2228,1567.0301737897128,660.9698262102872,593.2,2850.158,281.715,252
10,T1R4,3046,2244.487021829534,801.5129781704659,593.2,2850.158,281.715,380
10,T0R2,1572,1222.8428990700095,349.1571009299905,39.4,3363.45,1.739702,245
9,T0R4,2603,1922.574116409165,680.4258835908349,39.4,3363.45,1.739702,294
10,T0R4,1767,1579.27245757049,187.7275424295101,39.4,3363.45,1.739702,314
9,T1R2,3515,3086.4642984597776,428.53570154022236,593.2,2850.158,281.715,436
6,T2R3,1608,1285.4026683620757,322.5973316379243,593.2,2850.158,281.715,205
9,T0R1,3099,2179.1867388611477,919.8132611388523,39.4,3363.45,1.739702,398
6,T0R2,1667,1460.2622023820522,206.73779761794776,39.4,3363.45,1.739702,244
5,T1R3,1533,1095.5562690869424,437.4437309130576,593.2,2850.158,281.715,197
10,T2R3,1724,1612.1994909270802,111.8005090729198,593.2,2850.158,281.715,237
6,T1R2,688,553.133049540099,134.86695045990098,593.2,2850.158,281.715,114
1,T0R2,66,57.50228253472226,8.497717465277738,39.4,3363.45,1.739702,15
8,T0R5,3556,2895.1059740554774,660.8940259445226,39.4,3363.45,1.739702,418
5,T0R4,1584,1395.4083592723948,188.59164072760518,39.4,3363.45,1.739702,189
8,T2R5,2089,1954.017126273053,134.982873726947,593.2,2850.158,281.715,292
3,T0R2,333,278.48000199591195,54.51999800408805,39.4,3363.45,1.739702,55
8,T0R4,2408,2133.4723745789524,274.52762542104756,39.4,3363.45,1.739702,302
5,T0R5,1675,1231.8698429148728,443.13015708512717,39.4,3363.45,1.739702,199
9,T2R1,3171,2608.5603799278224,562.4396200721776,593.2,2850.158,281.715,371
10,T0R4,1510,1398.8394389256312,111.16056107436884,39.4,3363.45,1.739702,213
4,T2R5,718,526.5338628140622,191.46613718593778,593.2,2850.158,281.715,101
4,T1R4,1516,1141.3367201786095,374.66327982139046,593.2,2850.158,281.715,205
10,T2R1,3178,2839.808844861071,338.19115513892893,593.2,2850.158,281.715,399
8,T0R1,3036,2338.0666590229516,697.9333409770484,39.4,3363.45,1.739702,460
3,T0R2,187,152.05641112376892,34.943588876231075,39.4,3363.45,1.739702,52
4,T1R4,999,912.3770056115579,86.62299438844207,593.2,2850.158,281.715,115
9,T2R5,3343,2950.2539362818948,392.74606371810523,593.2,2850.158,281.715,489
4,T2R5,1086,945.2977317827753,140.70226821722474,593.2,2850.158,281.715,150
9,T1R2,3212,2878.4820197484737,333.5179802515263,593.2,2850.158,281.715,354
7,T1R5,2586,2311.2760779136975,274.72392208630254,593.2,2850.158,281.715,370
3,T2R1,56,50.42108434268158,5.578915657318419,593.2,2850.158,281.715,39
5,T1R3,1777,1335.7762157568434,441.2237842431566,593.2,2850.158,281.715,197
9,T1R5,1895,1446.1159390803723,448.8840609196277,593.2,2850.158,281.715,258
2,T1R4,286,264.76495170697626,21.235048293023738,593.2,2850.158,281.715,43
3,T1R4,184,174.59299172180147,9.407008278198532,593.2,2850.158,281.715,46
9,T0R4,3274,2602.0947967921156,671.9052032078844,39.4,3363.45,1.739702,401
10,T0R4,3019,2570.144575125044,448.85542487495604,39.4,3363.45,1.739702,448
4,T2R2,1300,1221.224135700188,78.77586429981193,593.2,2850.158,281.715,190
2,T2R2,364,316.12571977317657,47.87428022682343,593.2,2850.158,281.715,63
4,T1R1,1396,1029.1318329162912,366.86816708370884,593.2,2850.158,281.715,155
2,T2R1,392,344.21982628533635,47.78017371466365,593.2,2850.158,281.715,62
1,T0R3,101,79.79124991609335,21.20875008390665,39.4,3363.45,1.739702,19
4,T2R4,1425,1304.0879715267324,120.91202847326758,593.2,2850.158,281.715,178
3,T1R5,320,264.4048442363768,55.59515576362321,593.2,2850.158,281.715,60
3,T0R3,174,144.1605928224601,29.839407177539897,39.4,3363.45,1.739702,51
5,T2R2,661,568.5075596532724,92.49244034672756,593.2,2850.158,281.715,118
2,T0R4,131,97.28369366392512,33.71630633607488,39.4,3363.45,1.739702,30
7,T2R2,2772,2325.0526476443165,446.9473523556835,593.2,2850.158,281.715,391
4,T1R4,535,419.2096699788734,115.79033002112658,593.2,2850.158,281.715,85
9,T1R3,1535,1175.2067376792977,359.7932623207023,593.2,2850.158,281.715,268
9,T1R3,2014,1810.1621299495412,203.83787005045883,593.2,2850.158,281.715,250
8,T1R3,3282,3017.7487321303215,264.2512678696785,593.2,2850.158,281.715,397
5,T0R4,541,384.73307844096723,156.26692155903277,39.4,3363.45,1.739702,88
7,T2R2,3393,3195.882215364218,197.11778463578185,593.2,2850.158,281.715,413
8,T0R1,3353,2655.8734430083255,697.1265569916745,39.4,3363.45,1.739702,344
5,T1R3,452,388.7007564752687,63.29924352473131,593.2,2850.158,281.715,84
6,T0R1,1029,740.4121403164104,288.5878596835896,39.4,3363.45,1.739702,177
6,T1R5,687,611.7464437919666,75.25355620803339,593.2,2850.158,281.715,142
3,T1R3,77,69.5965003353212,7.4034996646788045,593.2,2850.158,281.715,31
10,T2R2,1889,1607.5442484472755,281.45575155272445,593.2,2850.158,281.715,308
2,T2R1,375,342.4581954800715,32.54180451992852,593.2,2850.158,281.715,61
7,T2R3,2368,2176.0299581333034,191.97004186669665,593.2,2850.158,281.715,283
6,T2R2,1566,1385.3286098843218,180.67139011567815,593.2,2850.158,281.715,186
1,T1R1,310,,,593.2,2850.158,281.715,37
9,T2R3,2811,2663.973733517417,147.0262664825832,593.2,2850.158,281.715,391
9,T2R4,2233,2004.9836341196099,228.01636588039014,593.2,2850.158,281.715,359
5,T1R1,1597,1387.064753277766,209.93524672223407,593.2,2850.158,281.715,201
8,T2R2,2783,2153.014831532468,629.9851684675318,593.2,2850.158,281.715,365
9,T0R4,1934,1761.2821021809677,172.71789781903226,39.4,3363.45,1.739702,243
4,T0R4,1315,1052.1175035317542,262.8824964682458,39.4,3363.45,1.739702,198
6,T0R5,334,234.97626732785693,99.02373267214307,39.4,3363.45,1.739702,81
5,T1R3,1382,1078.2882034535703,303.7117965464297,593.2,2850.158,281.715,199
1,T1R4,248,226.27174266280474,21.72825733719526,593.2,2850.158,281.715,36
2,T0R4,181,169.9053856071328,11.094614392867186,39.4,3363.45,1.739702,42
4,T0R1,1433,1143.4926699054554,289.5073300945446,39.4,3363.45,1.739702,191
6,T2R3,1754,1283.4967751212064,470.5032248787936,593.2,2850.158,281.715,277
4,T1R4,782,579.454140059979,202.54585994002105,593.2,2850.158,281.715,119
3,T2R1,352,253.27336687830578,98.72663312169422,593.2,2850.158,281.715,60
6,T1R5,1720,1372.5740302049926,347.4259697950074,593.2,2850.158,281.715,229
3,T0R3,278,205.38209998010376,72.61790001989624,39.4,3363.45,1.739702,68
3,T0R5,155,109.25061176943873,45.749388230561266,39.4,3363.45,1.739702,52
4,T2R5,1406,1289.948023538879,116.05197646112106,593.2,2850.158,281.715,181
2,T0R3,39,36.491038649103466,2.5089613508965343,39.4,3363.45,1.739702,19
4,T2R3,1156,945.266497645842,210.73350235415796,593.2,2850.158,281.715,156
10,T0R2,3562,3062.396199809692,499.603800190308,39.4,3363.45,1.739702,516
10,T1R5,1712,1213.693121861569,498.3068781384311,593.2,2850.158,281.715,318
2,T2R5,370,295.9660971794611,74.03390282053891,593.2,2850.158,281.715,65
6,T1R4,1382,1242.590816733572,139.40918326642804,593.2,2850.158,281.715,178
6,T2R5,771,543.1380871019318,227.86191289806823,593.2,2850.158,281.715,160
10,T0R4,2064,1767.7108609457464,296.2891390542536,39.4,3363.45,1.739702,266
4,T2R1,908,670.4811166064446,237.51888339355537,593.2,2850.158,281.715,144
10,T0R1,3539,2496.4398002862445,1042.5601997137555,39.4,3363.45,1.739702,511
8,T0R5,1522,1318.8589284592108,203.1410715407892,39.4,3363.45,1.739702,264
7,T2R2,2417,1748.9489317824348,668.0510682175652,593.2,2850.158,281.715,346
9,T0R1,1614,1136.8426366242734,477.1573633757266,39.4,3363.45,1.739702,293
5,T1R5,790,714.5476394889442,75.45236051105576,593.2,2850.158,281.715,107
3,T2R2,104,95.72844014330603,8.271559856693969,593.2,2850.158,281.715,47
1,T2R2,393,356.1451788206578,36.854821179342196,593.2,2850.158,281.715,44
3,T1R5,185,140.604669506852,44.39533049314801,593.2,2850.158,281.715,45
7,T2R5,2288,2053.611831610542,234.38816838945786,593.2,2850.158,281.715,297
8,T0R2,3587,3045.0804671128712,541.9195328871288,39.4,3363.45,1.739702,415
8,T2R3,2240,2008.1702960086432,231.82970399135684,593.2,2850.158,281.715,318
9,T0R5,2943,2680.655942498159,262.3440575018408,39.4,3363.45,1.739702,410
9,T2R2,2853,2354.216001989737,498.7839980102631,593.2,2850.158,281.715,383
7,T2R1,1518,1389.3659454766662,128.63405452333382,593.2,2850.158,281.715,259
1,T2R1,149,121.12928603159686,27.870713968403138,593.2,2850.158,281.715,21
8,T1R1,2651,2238.976253528926,412.023746471074,593.2,2850.158,281.715,331
7,T1R3,2098,1642.141556187214,455.85844381278594,593.2,2850.158,281.715,296
3,T2R2,41,30.989748134152396,10.010251865847604,593.2,2850.158,281.715,30
10,T0R4,1552,1211.4011693348475,340.5988306651525,39.4,3363.45,1.739702,220
4,T0R1,485,377.96547102917674,107.03452897082326,39.4,3363.45,1.739702,85
8,T1R2,3334,2424.071419562522,909.9285804374781,593.2,2850.158,281.715,477
2,T1R3,367,284.06174627825243,82.93825372174757,593.2,2850.158,281.715,57
8,T0R4,2798,2471.6640019988977,326.3359980011023,39.4,3363.45,1.739702,330
4,T1R4,1500,1283.4767823946308,216.52321760536915,593.2,2850.158,281.715,209
8,T0R3,3536,2873.413378492252,662.5866215077481,39.4,3363.45,1.739702,439
9,T2R1,2832,1986.6633339892496,845.3366660107504,593.2,2850.158,281.715,320
9,T1R5,3114,2511.102319212821,602.8976807871791,593.2,2850.158,281.715,461
10,T0R2,2863,2116.624048585696,746.3759514143039,39.4,3363.45,1.739702,363
6,T2R3,891,694.5549462211665,196.44505377883354,593.2,2850.158,281.715,142
5,T0R4,877,647.143541931732,229.856458068268,39.4,3363.45,1.739702,110
9,T1R4,3049,2788.7852852162764,260.2147147837236,593.2,2850.158,281.715,401
7,T1R5,2466,2321.652296420772,144.34770357922798,593.2,2850.158,281.715,335
9,T1R5,3165,3003.9992664146916,161.00073358530835,593.2,2850.158,281.715,481
3,T0R5,359,272.1794424798826,86.8205575201174,39.4,3363.45,1.739702,75
6,T1R2,614,458.34990330362945,155.65009669637055,593.2,2850.158,281.715,114
4,T1R4,901,789.5431338277988,111.45686617220122,593.2,2850.158,281.715,127
8,T0R3,1584,1151.629202016838,432.370797983162,39.4,3363.45,1.739702,250
3,T0R5,204,162.2052362258927,41.79476377410731,39.4,3363.45,1.739702,47
9,T2R3,3340,2390.284761967869,949.7152380321309,593.2,2850.158,281.715,485
1,T2R5,183,,,593.2,2850.158,281.715,28
10,T1R3,2682,2500.827991663888,181.17200833611196,593.2,2850.158,281.715,300
5,T2R3,1114,822.2888642954548,291.7111357045452,593.2,2850.158,281.715,137
8,T0R1,3473,3152.5101239694795,320.48987603052046,39.4,3363.45,1.739702,421
1,T1R5,145,103.61053477874464,41.389465221255364,593.2,2850.158,281.715,28
10,T1R3,2321,2095.5265943131653,225.47340568683467,593.2,2850.158,281.715,371
10,T1R5,3490,2998.470570397256,491.52942960274413,593.2,2850.158,281.715,399
10,T2R2,1788,1315.1082175358738,472.8917824641262,593.2,2850.158,281.715,273
10,T0R3,2602,2310.662922730367,291.337077269633,39.4,3363.45,1.739702,376
7,T2R3,1897,1488.1839383367283,408.81606166327174,593.2,2850.158,281.715,260
7,T1R1,3352,2568.63346159747,783.3665384025298,593.2,2850.158,281.715,426
6,T0R4,1646,1288.4388124184165,357.56118758158345,39.4,3363.45,1.739702,234
3,T1R1,232,174.39289058196238,57.60710941803762,593.2,2850.158,281.715,44
7,T1R1,2992,2580.5496260368386,411.4503739631614,593.2,2850.158,281.715,388
5,T1R2,826,599.2656230729161,226.73437692708387,593.2,2850.158,281.715,153
8,T0R1,2662,2181.1819898718645,480.8180101281355,39.4,3363.45,1.739702,362
8,T0R2,3448,2673.491775863925,774.5082241360751,39.4,3363.45,1.739702,467
2,T0R1,304,221.75818214226604,82.24181785773396,39.4,3363.45,1.739702,55
5,T2R5,516,408.6881490733329,107.31185092666709,593.2,2850.158,281.715,105
2,T2R1,48,34.293391851325154,13.706608148674846,593.2,2850.158,281.715,21
1,T0R4,259,213.6642214787276,45.3357785212724,39.4,3363.45,1.739702,42
6,T0R3,1732,1402.182385511879,329.8176144881211,39.4,3363.45,1.739702,257
9,T2R3,3325,2609.819278968601,715.1807210313991,593.2,2850.158,281.715,505
1,T0R1,328,,,39.4,3363.45,1.739702,45
7,T0R1,2941,2421.4061831289873,519.5938168710127,39.4,3363.45,1.739702,405
9,T1R4,2964,2464.3879134280346,499.6120865719654,593.2,2850.158,281.715,333
8,T1R3,3185,2853.934538659083,331.06546134091695,593.2,2850.158,281.715,465
5,T0R5,1107,1041.3462679253837,65.6537320746163,39.4,3363.45,1.739702,181
1,T1R1,236,,,593.2,2850.158,281.715,33
6,T0R2,387,287.08366759552655,99.91633240447345,39.4,3363.45,1.739702,108
1,T0R1,372,,,39.4,3363.45,1.739702,53
1,T0R4,397,283.8271258957772,113.17287410422279,39.4,3363.45,1.739702,52
1,T1R1,67,48.12085518463508,18.879144815364917,593.2,2850.158,281.715,17
3,T0R4,320,269.09491021868115,50.90508978131885,39.4,3363.45,1.739702,64
9,T1R1,2851,2518.707711166964,332.29228883303585,593.2,2850.158,281.715,399
4,T1R2,1149,943.3663668569944,205.63363314300557,593.2,2850.158,281.715,146
2,T1R3,249,209.70272218177675,39.29727781822325,593.2,2850.158,281.715,36
6,T2R1,1711,1226.341651991886,484.658348008114,593.2,2850.158,281.715,201
6,T0R1,1261,1001.941947225843,259.058052774157,39.4,3363.45,1.739702,211
9,T2R5,2001,1486.9368382259474,514.0631617740526,593.2,2850.158,281.715,249
9,T2R5,1870,1446.6168984884853,423.3831015115147,593.2,2850.158,281.715,277
1,T2R2,356,,,593.2,2850.158,281.715,46
5,T1R3,1536,1281.2602064035632,254.7397935964368,593.2,2850.158,281.715,229
4,T0R4,585,448.76791601729536,136.23208398270464,39.4,3363.45,1.739702,94
6,T2R3,952,817.1249441463647,134.87505585363533,593.2,2850.158,281.715,147
7,T0R4,1733,1224.491772866173,508.50822713382695,39.4,3363.45,1.739702,246
4,T2R1,1385,973.2248732707637,411.77512672923626,593.2,2850.158,281.715,196
1,T2R4,306,239.42048539249961,66.57951460750039,593.2,2850.158,281.715,39
2,T0R5,345,243.69312699627721,101.30687300372279,39.4,3363.45,1.739702,46
1,T1R1,353,278.7921176998689,74.20788230013108,593.2,2850.158,281.715,40
6,T2R3,1141,979.5206881324747,161.47931186752533,593.2,2850.158,281.715,152
7,T2R5,2324,1752.9528333444773,571.0471666555227,593.2,2850.158,281.715,305
2,T1R3,301,278.27245232063683,22.72754767936317,593.2,2850.158,281.715,51
3,T1R4,111,86.95693661438064,24.043063385619362,593.2,2850.158,281.715,37
10,T0R1,3365,3067.2638617614066,297.7361382385934,39.4,3363.45,1.739702,364
8,T0R5,1825,1450.4488817348447,374.5511182651553,39.4,3363.45,1.739702,230
3,T1R1,211,169.30943900315836,41.69056099684164,593.2,2850.158,281.715,46
6,T2R3,937,738.4651147438509,198.5348852561491,593.2,2850.158,281.715,166
3,T0R4,389,332.4891487475429,56.51085125245709,39.4,3363.45,1.739702,75
3,T0R3,382,352.0171079250934,29.9828920749066,39.4,3363.45,1.739702,74
1,T1R5,314,,,593.2,2850.158,281.715,43
10,T2R2,1616,1467.352250077016,148.64774992298408,593.2,2850.158,281.715,251
8,T2R2,2978,2334.345982548948,643.6540174510519,593.2,2850.158,281.715,332
6,T2R4,756,683.0143618903155,72.98563810968449,593.2,2850.158,281.715,148
3,T2R1,64,55.75855475198682,8.241445248013179,593.2,2850.158,281.715,33
6,T0R2,439,413.5097993831718,25.49020061682819,39.4,3363.45,1.739702,109
9,T2R2,2745,1980.9892126315005,764.0107873684995,593.2,2850.158,281.715,345
2,T2R3,140,121.5688064702467,18.4311935297533,593.2,2850.158,281.715,39
1,T1R5,224,177.41357229870806,46.58642770129194,593.2,2850.158,281.715,34
2,T0R4,173,157.95439593183184,15.04560406816816,39.4,3363.45,1.739702,41
9,T2R2,2752,2007.1010267664853,744.8989732335147,593.2,2850.158,281.715,376
7,T0R5,2529,2057.644642738983,471.35535726101716,39.4,3363.45,1.739702,330
6,T1R2,1155,951.4071294177752,203.5928705822248,593.2,2850.158,281.715,198
10,T0R1,3030,2343.2651447358967,686.7348552641033,39.4,3363.45,1.739702,394
10,T2R3,1561,1181.3470698781318,379.65293012186817,593.2,2850.158,281.715,297
8,T0R4,2586,2402.1131799604714,183.88682003952863,39.4,3363.45,1.739702,385
5,T1R2,1185,1023.8179108789569,161.18208912104308,593.2,2850.158,281.715,158
8,T2R3,3577,2638.918956647465,938.0810433525348,593.2,2850.158,281.715,420
9,T2R3,3037,2822.204426924773,214.7955730752269,593.2,2850.158,281.715,446
2,T1R2,49,35.60553797750848,13.394462022491517,593.2,2850.158,281.715,22
4,T2R2,1424,1308.5470988246732,115.45290117532682,593.2,2850.158,281.715,156
3,T1R4,226,207.58635844206884,18.413641557931157,593.2,2850.158,281.715,46
10,T0R2,2496,2050.6430605849696,445.3569394150304,39.4,3363.45,1.739702,334
8,T1R5,1514,1335.563139010472,178.436860989528,593.2,2850.158,281.715,255
1,T0R3,265,219.5961835649381,45.40381643506191,39.4,3363.45,1.739702,42
2,T0R4,355,308.88960045863996,46.11039954136004,39.4,3363.45,1.739702,62
2,T1R5,156,128.53758311356268,27.462416886437325,593.2,2850.158,281.715,40
6,T2R1,1663,1256.2106887224734,406.7893112775266,593.2,2850.158,281.715,223
7,T1R5,2608,2226.8654034187157,381.1345965812843,593.2,2850.158,281.715,319
7,T0R3,1654,1237.6347836573077,416.3652163426923,39.4,3363.45,1.739702,213
5,T2R1,1192,1090.3199758920514,101.68002410794861,593.2,2850.158,281.715,194
4,T1R4,805,583.285817093647,221.71418290635302,593.2,2850.158,281.715,112
6,T0R4,1094,933.6620531062636,160.33794689373644,39.4,3363.45,1.739702,198
3,T2R4,261,239.51745149874213,21.482548501257867,593.2,2850.158,281.715,45
6,T1R5,771,674.3606538576986,96.6393461423014,593.2,2850.158,281.715,123
1,T2R4,322,241.6581740333359,80.34182596666409,593.2,2850.158,281.715,36
10,T2R1,3048,2450.082486461707,597.917513538293,593.2,2850.158,281.715,376
7,T1R5,1611,1178.4583283835873,432.5416716164127,593.2,2850.158,281.715,273
5,T1R5,987,926.2694200234944,60.730579976505624,593.2,2850.158,281.715,141
2,T0R3,73,62.930127975302725,10.069872024697275,39.4,3363.45,1.739702,24
2,T2R4,109,79.80949868440074,29.190501315599263,593.2,2850.158,281.715,27
5,T0R4,319,263.77964831537366,55.22035168462634,39.4,3363.45,1.739702,93
2,T1R1,137,112.62525559806762,24.374744401932375,593.2,2850.158,281.715,31
9,T1R2,1589,1312.6000796915853,276.3999203084147,593.2,2850.158,281.715,209
10,T1R1,3140,2876.0551753581285,263.9448246418715,593.2,2850.158,281.715,431
9,T0R4,2651,2352.000935936538,298.9990640634619,39.4,3363.45,1.739702,390
8,T2R1,2298,1736.0886505112044,561.9113494887956,593.2,2850.158,281.715,290
5,T0R1,971,755.4642020778813,215.53579792211872,39.4,3363.45,1.739702,123
9,T2R5,2046,1890.2939617116922,155.7060382883078,593.2,2850.158,281.715,249
10,T0R2,3005,2366.666458641147,638.3335413588529,39.4,3363.45,1.739702,481
8,T0R3,3059,2258.325375382478,800.6746246175221,39.4,3363.45,1.739702,396
10,T2R3,2414,2088.0277384742235,325.9722615257765,593.2,2850.158,281.715,290
10,T2R1,3481,2474.0687771113653,1006.9312228886347,593.2,2850.158,281.715,397
5,T0R2,1242,914.9392696232147,327.0607303767853,39.4,3363.45,1.739702,180
8,T2R1,2007,1492.583429863535,514.416570136465,593.2,2850.158,281.715,257
8,T0R4,2148,1883.678074039803,264.32192596019695,39.4,3363.45,1.739702,240
7,T1R3,1723,1207.0813002153106,515.9186997846894,593.2,2850.158,281.715,198
4,T0R3,786,665.8258638319044,120.17413616809563,39.4,3363.45,1.739702,109
5,T0R5,670,568.5847216289728,101.41527837102717,39.4,3363.45,1.739702,139
3,T2R5,366,336.1584276798356,29.841572320164403,593.2,2850.158,281.715,73
4,T0R2,445,312.4839251187136,132.5160748812864,39.4,3363.45,1.739702,100
7,T2R4,2319,1761.7402081930784,557.2597918069216,593.2,2850.158,281.715,333
6,T0R3,1710,1487.993674173654,222.00632582634603,39.4,3363.45,1.739702,239
6,T1R2,649,541.4891080750119,107.51089192498807,593.2,2850.158,281.715,107
3,T1R1,319,236.28943421037894,82.71056578962106,593.2,2850.158,281.715,54
6,T2R2,1772,1570.4518858107897,201.5481141892103,593.2,2850.158,281.715,197
6,T1R2,1319,1061.4822531088162,257.51774689118383,593.2,2850.158,281.715,154
7,T1R5,3569,2949.952159893522,619.0478401064779,593.2,2850.158,281.715,454
9,T1R2,2524,2042.7806012677893,481.2193987322107,593.2,2850.158,281.715,370
6,T2R3,300,232.92399230297346,67.07600769702654,593.2,2850.158,281.715,89
5,T2R1,828,739.1581060502195,88.84189394978046,593.2,2850.158,281.715,134
6,T2R4,1685,1277.2973256707876,407.7026743292124,593.2,2850.158,281.715,254
7,T0R5,2903,2106.6731758860024,796.3268241139976,39.4,3363.45,1.739702,391
7,T1R3,3508,2653.0839537363686,854.9160462636314,593.2,2850.158,281.715,348
9,T2R3,3035,2412.565284673727,622.4347153262729,593.2,2850.158,281.715,386
2,T2R5,209,166.45586232327392,42.54413767672608,593.2,2850.158,281.715,44
10,T1R5,2169,1797.1578656180845,371.84213438191546,593.2,2850.158,281.715,341
1,T2R4,348,246.7711328585916,101.22886714140839,593.2,2850.158,281.715,48
6,T0R1,541,388.4463681694431,152.55363183055692,39.4,3363.45,1.739702,131
8,T1R5,3541,2972.8264579831884,568.1735420168116,593.2,2850.158,281.715,348
5,T0R2,686,485.696325660442,200.30367433955797,39.4,3363.45,1.739702,129
3,T0R5,310,274.1030491606671,35.896950839332874,39.4,3363.45,1.739702,61
9,T0R3,1778,1490.4582611962437,287.5417388037563,39.4,3363.45,1.739702,263
4,T0R3,868,816.8049210060241,51.195078993975926,39.4,3363.45,1.739702,131
8,T1R4,3358,2360.7893847809237,997.2106152190763,593.2,2850.158,281.715,492
7,T0R4,3357,2676.1510183361706,680.8489816638294,39.4,3363.45,1.739702,325
8,T2R2,3529,3259.076403133472,269.923596866528,593.2,2850.158,281.715,453
4,T0R5,610,578.315988211256,31.684011788743987,39.4,3363.45,1.739702,84
9,T0R1,3443,3114.097194511063,328.9028054889368,39.4,3363.45,1.739702,376
4,T1R2,909,862.7291489907002,46.270851009299804,593.2,2850.158,281.715,154
3,T1R1,235,216.87843850154212,18.12156149845788,593.2,2850.158,281.715,50
2,T0R3,330,276.185477312897,53.81452268710302,39.4,3363.45,1.739702,53
4,T2R2,457,397.0683301557967,59.93166984420333,593.2,2850.158,281.715,69
9,T2R3,2988,2289.97559754306,698.0244024569402,593.2,2850.158,281.715,387
7,T0R5,2078,1493.4222057561633,584.5777942438367,39.4,3363.45,1.739702,290
3,T0R2,396,288.8326357399969,107.16736426000313,39.4,3363.45,1.739702,77
3,T0R1,344,315.87574131645505,28.12425868354495,39.4,3363.45,1.739702,54
5,T2R3,460,343.9079017982202,116.09209820177978,593.2,2850.158,281.715,77
4,T1R1,1232,991.2651947643931,240.73480523560693,593.2,2850.158,281.715,180
2,T1R5,224,182.93914295340397,41.06085704659603,593.2,2850.158,281.715,43
4,T0R5,313,248.23120260798927,64.76879739201073,39.4,3363.45,1.739702,78
9,T0R1,1641,1220.2265794617647,420.7734205382353,39.4,3363.45,1.739702,220
4,T2R4,1399,1222.7583101297844,176.24168987021562,593.2,2850.158,281.715,194
7,T2R3,2506,2226.0863709747014,279.91362902529863,593.2,2850.158,281.715,283
2,T2R4,65,45.52017479167649,19.47982520832351,593.2,2850.158,281.715,24
2,T1R2,374,334.7242402687556,39.27575973124442,593.2,2850.158,281.715,54
10,T1R2,1849,1377.5670398951154,471.4329601048846,593.2,2850.158,281.715,307
10,T0R5,2654,2509.920339630701,144.07966036929884,39.4,3363.45,1.739702,404
3,T2R5,67,55.98814807808595,11.011851921914051,593.2,2850.158,281.715,44
7,T1R5,2591,2145.936023548313,445.0639764516868,593.2,2850.158,281.715,282
2,T0R1,364,293.53763687565066,70.46236312434934,39.4,3363.45,1.739702,52
5,T0R1,1065,882.501616348474,182.49838365152596,39.4,3363.45,1.739702,149
4,T2R4,882,692.481863285162,189.51813671483796,593.2,2850.158,281.715,147
8,T2R4,3574,3376.601028194314,197.39897180568596,593.2,2850.158,281.715,472
4,T2R5,1181,1045.378359723722,135.62164027627796,593.2,2850.158,281.715,129
3,T0R4,124,101.73847329028301,22.26152670971699,39.4,3363.45,1.739702,44
5,T1R3,983,847.1546307189296,135.84536928107036,593.2,2850.158,281.715,134
10,T2R1,2785,2591.1689301628353,193.8310698371647,593.2,2850.158,281.715,322
5,T1R4,1649,1522.7897594394492,126.2102405605508,593.2,2850.158,281.715,188
9,T1R3,1643,1259.1180992395991,383.88190076040087,593.2,2850.158,281.715,217
7,T1R1,1606,1515.8532794115717,90.14672058842825,593.2,2850.158,281.715,228
1,T0R1,202,155.92137121469815,46.078628785301845,39.4,3363.45,1.739702,27
4,T0R5,558,514.2450849098446,43.75491509015535,39.4,3363.45,1.739702,80
9,T1R5,3410,2905.7114156207726,504.28858437922736,593.2,2850.158,281.715,352
6,T2R3,1270,1098.3866934331807,171.61330656681935,593.2,2850.158,281.715,223
6,T0R2,1352,1203.2788651086441,148.72113489135586,39.4,3363.45,1.739702,184
3,T0R4,157,148.94415582254933,8.055844177450666,39.4,3363.45,1.739702,54
2,T0R3,320,280.66645491203855,39.333545087961454,39.4,3363.45,1.739702,54
8,T2R2,3573,2693.169038038444,879.8309619615561,593.2,2850.158,281.715,466
1,T0R3,40,34.828796701394864,5.1712032986051355,39.4,3363.45,1.739702,14
3,T2R5,54,42.655726766935544,11.344273233064456,593.2,2850.158,281.715,38
6,T0R5,796,563.170366162148,232.82963383785204,39.4,3363.45,1.739702,147
1,T0R5,360,337.0315073808797,22.968492619120298,39.4,3363.45,1.739702,39
3,T1R3,372,308.8764570098725,63.123542990127476,593.2,2850.158,281.715,73
9,T1R1,1668,1333.265307804487,334.73469219551293,593.2,2850.158,281.715,251
6,T1R2,1068,848.8435861554931,219.15641384450691,593.2,2850.158,281.715,186
8,T2R3,2344,1817.8316358217999,526.1683641782001,593.2,2850.158,281.715,286
3,T2R5,292,266.6149788995271,25.385021100472898,593.2,2850.158,281.715,48
8,T2R5,3248,2895.439313842969,352.5606861570309,593.2,2850.158,281.715,416
4,T0R1,1791,1458.6618349563078,332.33816504369224,39.4,3363.45,1.739702,218
6,T0R3,651,462.1991284011976,188.80087159880242,39.4,3363.45,1.739702,147
7,T2R2,2591,2145.1456534801237,445.85434651987634,593.2,2850.158,281.715,306
2,T2R1,56,51.34163835148755,4.658361648512447,593.2,2850.158,281.715,27
4,T1R2,1039,861.5566563711724,177.44334362882762,593.2,2850.158,281.715,172
8,T1R2,3399,2559.1205143446005,839.8794856553995,593.2,2850.158,281.715,376
8,T0R2,3326,2671.302360751694,654.6976392483061,39.4,3363.45,1.739702,411
9,T0R3,3272,2536.3885821433114,735.6114178566886,39.4,3363.45,1.739702,379
5,T0R2,1372,962.6938360257161,409.3061639742839,39.4,3363.45,1.739702,183
1,T2R5,272,241.6773442156715,30.322655784328504,593.2,2850.158,281.715,36
7,T1R3,2248,1692.2758502790937,555.7241497209063,593.2,2850.158,281.715,293
3,T0R2,123,99.22253542170439,23.777464578295607,39.4,3363.45,1.739702,44
4,T1R4,1589,1250.816237894803,338.18376210519705,593.2,2850.158,281.715,200
10,T0R1,2491,2103.3101064261755,387.6898935738245,39.4,3363.45,1.739702,370
6,T2R5,796,603.5006623549402,192.49933764505977,593.2,2850.158,281.715,151
8,T0R2,2091,1716.3199035040686,374.68009649593137,39.4,3363.45,1.739702,256
5,T0R3,511,410.94426221657824,100.05573778342176,39.4,3363.45,1.739702,97
5,T2R3,338,262.538841236344,75.46115876365599,593.2,2850.158,281.715,100
5,T0R4,792,752.093230678689,39.906769321311,39.4,3363.45,1.739702,115
8,T2R1,1705,1237.5253057903656,467.47469420963444,593.2,2850.158,281.715,280
5,T1R5,577,500.09705259286665,76.90294740713335,593.2,2850.158,281.715,120
9,T2R5,2032,1819.880226352908,212.11977364709196,593.2,2850.158,281.715,308
1,T0R4,51,41.3452494671026,9.654750532897403,39.4,3363.45,1.739702,16
8,T1R3,1889,1372.4938553454701,516.5061446545299,593.2,2850.158,281.715,237
6,T2R1,777,557.8703673633853,219.1296326366147,593.2,2850.158,281.715,147
4,T1R4,1400,1138.217217756267,261.782782243733,593.2,2850.158,281.715,205
10,T1R5,1544,1329.8253251921378,214.17467480786217,593.2,2850.158,281.715,215
5,T0R5,904,741.7353201385746,162.2646798614254,39.4,3363.45,1.739702,163
5,T1R5,799,566.411444182278,232.58855581772195,593.2,2850.158,281.715,128
9,T1R4,3371,2746.667631557875,624.3323684421248,593.2,2850.158,281.715,355
4,T2R4,445,332.5286545135518,112.47134548644817,593.2,2850.158,281.715,78
3,T1R2,139,118.27523475927903,20.72476524072097,593.2,2850.158,281.715,38
9,T0R5,3372,3133.225586827923,238.77441317207695,39.4,3363.45,1.739702,354
8,T1R3,3297,2494.5335715981714,802.4664284018286,593.2,2850.158,281.715,461
1,T1R5,311,270.05099305721683,40.94900694278317,593.2,2850.158,281.715,37
9,T0R2,2573,1891.0158289342796,681.9841710657204,39.4,3363.45,1.739702,282
2,T1R5,51,36.87480415702102,14.125195842978982,593.2,2850.158,281.715,21
9,T0R2,3429,2553.240692331703,875.759307668297,39.4,3363.45,1.739702,511
8,T2R2,3326,2802.466013482939,523.5339865170608,593.2,2850.158,281.715,463
5,T0R5,1694,1243.6961250147976,450.30387498520236,39.4,3363.45,1.739702,209
6,T1R2,1489,1295.0699240951321,193.93007590486786,593.2,2850.158,281.715,172
10,T2R3,1999,1584.9030260140298,414.0969739859702,593.2,2850.158,281.715,327
3,T1R1,366,300.32541731006944,65.67458268993056,593.2,2850.158,281.715,75
6,T1R2,506,449.8516501488424,56.148349851157604,593.2,2850.158,281.715,110
6,T0R2,482,401.6367300341632,80.36326996583682,39.4,3363.45,1.739702,125
10,T2R3,2225,1937.586697690318,287.41330230968197,593.2,2850.158,281.715,275
8,T0R4,1614,1300.3309747865753,313.6690252134247,39.4,3363.45,1.739702,271
3,T1R3,167,152.92383227666235,14.076167723337647,593.2,2850.158,281.715,54
3,T0R2,225,182.08773241311138,42.91226758688862,39.4,3363.45,1.739702,48
3,T2R4,237,221.04748533867266,15.952514661327342,593.2,2850.158,281.715,47
1,T1R4,113,83.66957348098941,29.330426519010587,593.2,2850.158,281.715,20
1,T0R5,213,,,39.4,3363.45,1.739702,28
10,T1R2,1559,1258.2098897231976,300.79011027680235,593.2,2850.158,281.715,274
10,T1R5,3393,2721.938424657689,671.0615753423108,593.2,2850.158,281.715,465
5,T2R4,1193,1038.6946430609148,154.3053569390852,593.2,2850.158,281.715,142
3,T2R2,349,249.67708719892707,99.32291280107293,593.2,2850.158,281.715,71
2,T2R4,305,254.91369884789165,50.08630115210835,593.2,2850.158,281.715,47
6,T0R5,1760,1595.5504291844084,164.44957081559164,39.4,3363.45,1.739702,258
2,T1R4,260,186.72955788199866,73.27044211800134,593.2,2850.158,281.715,53
2,T0R5,49,36.19474656922718,12.805253430772822,39.4,3363.45,1.739702,29
10,T2R2,2146,1813.1914249533397,332.8085750466603,593.2,2850.158,281.715,282
9,T2R2,1557,1257.0045869332682,299.99541306673177,593.2,2850.158,281.715,232
8,T1R1,2412,2260.0458980118806,151.95410198811942,593.2,2850.158,281.715,309
4,T1R4,1661,1427.9323772545229,233.06762274547714,593.2,2850.158,281.715,205
3,T0R3,210,188.79303393753045,21.206966062469547,39.4,3363.45,1.739702,58
8,T2R4,2657,2039.9549787408057,617.0450212591943,593.2,2850.158,281.715,327
1,T0R5,302,240.59568902324094,61.404310976759064,39.4,3363.45,1.739702,33
3,T2R1,350,272.84322560523174,77.15677439476826,593.2,2850.158,281.715,56
1,T1R2,371,,,593.2,2850.158,281.715,44
10,T2R4,2445,1978.290853112754,466.7091468872461,593.2,2850.158,281.715,361
6,T0R5,756,583.054683288399,172.94531671160098,39.4,3363.45,1.739702,144
1,T0R3,149,118.41605842802113,30.58394157197887,39.4,3363.45,1.739702,27
1,T1R3,340,316.8560278426518,23.143972157348173,593.2,2850.158,281.715,48
2,T1R1,278,210.7636437620616,67.2363562379384,593.2,2850.158,281.715,40
8,T0R1,2520,1778.0275683772902,741.9724316227098,39.4,3363.45,1.739702,341
5,T2R2,1298,1061.0003420397506,236.99965796024935,593.2,2850.158,281.715,192
1,T1R5,339,305.25889793056353,33.741102069436465,593.2,2850.158,281.715,46
1,T0R4,290,,,39.4,3363.45,1.739702,34
7,T2R4,1986,1476.5759072937267,509.4240927062733,593.2,2850.158,281.715,314
6,T2R2,1036,826.8417944023515,209.15820559764848,593.2,2850.158,281.715,151
2,T0R4,376,287.7247354003564,88.2752645996436,39.4,3363.45,1.739702,63
6,T0R4,319,228.4425933105111,90.55740668948889,39.4,3363.45,1.739702,75
3,T0R3,345,325.8189053789289,19.18109462107111,39.4,3363.45,1.739702,57
4,T0R2,470,341.370959945576,128.62904005442402,39.4,3363.45,1.739702,70
9,T2R4,2145,1837.0206087955655,307.9793912044345,593.2,2850.158,281.715,247
1,T2R3,332,,,593.2,2850.158,281.715,51
6,T2R4,525,369.5933785157049,155.4066214842951,593.2,2850.158,281.715,111
10,T1R4,2691,2224.8191905757008,466.18080942429924,593.2,2850.158,281.715,353
6,T1R3,391,334.1717962115024,56.8282037884976,593.2,2850.158,281.715,112
2,T1R1,206,195.3306274624615,10.669372537538493,593.2,2850.158,281.715,47
9,T0R3,3362,2942.3537440934147,419.64625590658534,39.4,3363.45,1.739702,488
6,T0R3,330,262.2017841735409,67.79821582645911,39.4,3363.45,1.739702,103
2,T2R4,146,105.31747164044752,40.68252835955248,593.2,2850.158,281.715,30
1,T1R2,115,104.25802305781501,10.74197694218499,593.2,2850.158,281.715,24
7,T1R4,2492,1936.5863009054522,555.4136990945478,593.2,2850.158,281.715,258
2,T2R2,188,166.9129062903587,21.087093709641294,593.2,2850.158,281.715,42
2,T2R3,360,324.3989143566834,35.601085643316594,593.2,2850.158,281.715,51
6,T1R1,800,652.0719239637183,147.9280760362817,593.2,2850.158,281.715,148
7,T1R4,1991,1847.354202220743,143.645797779257,593.2,2850.158,281.715,263
8,T1R2,3493,2689.5939213782194,803.4060786217806,593.2,2850.158,281.715,412
4,T1R1,1258,922.407585615204,335.59241438479603,593.2,2850.158,281.715,166
1,T1R1,163,,,593.2,2850.158,281.715,30
8,T2R5,2081,1851.3446851601777,229.65531483982227,593.2,2850.158,281.715,231
5,T0R2,1140,994.203959820712,145.79604017928796,39.4,3363.45,1.739702,136
5,T1R4,1153,837.3369037797522,315.6630962202478,593.2,2850.158,281.715,144
10,T1R5,2128,1955.2519911762329,172.74800882376712,593.2,2850.158,281.715,363
1,T1R1,288,207.63872468240072,80.36127531759928,593.2,2850.158,281.715,36
9,T2R5,3146,2613.43178272478,532.5682172752199,593.2,2850.158,281.715,355
1,T1R2,149,,,593.2,2850.158,281.715,23
8,T2R5,2372,1734.9745021277108,637.0254978722892,593.2,2850.158,281.715,320
8,T1R5,2337,2215.9848595910826,121.01514040891743,593.2,2850.158,281.715,324
9,T2R3,2945,2656.4641546646462,288.53584533535377,593.2,2850.158,281.715,378
2,T2R2,152,108.27122270087293,43.728777299127074,593.2,2850.158,281.715,37
6,T0R1,1745,1332.2227242299468,412.77727577005317,39.4,3363.45,1.739702,226
5,T0R4,730,679.6231204183816,50.37687958161837,39.4,3363.45,1.739702,120
2,T1R2,205,145.86605799822777,59.133942001772226,593.2,2850.158,281.715,48
7,T1R1,3236,2375.524618820935,860.4753811790652,593.2,2850.158,281.715,453
7,T1R2,3547,3207.92942202018,339.07057797982,593.2,2850.158,281.715,505
9,T2R3,2548,2372.3103688124565,175.68963118754345,593.2,2850.158,281.715,359
10,T2R5,1687,1312.2861859863615,374.7138140136385,593.2,2850.158,281.715,302
8,T2R2,2964,2619.195942047348,344.8040579526519,593.2,2850.158,281.715,380
4,T0R3,1218,977.4931313630058,240.50686863699423,39.4,3363.45,1.739702,178
10,T2R1,3289,2796.9440701228373,492.0559298771627,593.2,2850.158,281.715,501
1,T0R1,344,245.9060265335957,98.0939734664043,39.4,3363.45,1.739702,38
7,T1R4,2357,2008.5078418984756,348.4921581015244,593.2,2850.158,281.715,264
9,T0R5,2760,2190.2415537345423,569.7584462654577,39.4,3363.45,1.739702,375
7,T1R3,1942,1780.3013335866585,161.69866641334147,593.2,2850.158,281.715,214
6,T2R2,848,760.1800611167489,87.8199388832511,593.2,2850.158,281.715,160
2,T0R3,289,248.14459355500574,40.85540644499426,39.4,3363.45,1.739702,46
6,T1R2,886,726.3192367087447,159.6807632912553,593.2,2850.158,281.715,163
2,T2R3,327,265.3043472134808,61.69565278651919,593.2,2850.158,281.715,53
4,T2R4,436,328.396762132631,107.60323786736899,593.2,2850.158,281.715,98
5,T2R3,1747,1399.867576648967,347.1324233510329,593.2,2850.158,281.715,267
1,T1R5,109,80.6848248118395,28.315175188160495,593.2,2850.158,281.715,20
4,T2R4,773,609.0034065450357,163.99659345496434,593.2,2850.158,281.715,141
10,T2R4,2317,2035.8480063443071,281.1519936556929,593.2,2850.158,281.715,374
9,T0R2,2737,1977.6782578270654,759.3217421729346,39.4,3363.45,1.739702,313
6,T1R1,1284,941.3607374683446,342.6392625316554,593.2,2850.158,281.715,156
4,T1R1,401,334.5604070791004,66.4395929208996,593.2,2850.158,281.715,79
5,T0R5,862,803.3040040359954,58.695995964004624,39.4,3363.45,1.739702,141
9,T1R5,3503,3030.1284462000986,472.87155379990145,593.2,2850.158,281.715,419
7,T0R4,2156,1877.907782006217,278.0922179937829,39.4,3363.45,1.739702,319
2,T1R1,209,189.4604419667958,19.5395580332042,593.2,2850.158,281.715,44
4,T1R4,629,570.070348958251,58.929651041749025,593.2,2850.158,281.715,94
