Dia,Tratamiento,Peso_g,Peso_Anterior_g,Ganancia_Peso_g,Peso_Inicial_Promedio_g,Peso_Final_Promedio_g,Conversion_Alimenticia_Global
1,T0R1,45,,,39.4,3363.45,1.739702283014571
1,T0R1,100,45.0,55.0,39.4,3363.45,1.739702283014571
1,T0R1,335,100.0,235.0,39.4,3363.45,1.739702283014571
1,T0R1,725,335.0,390.0,39.4,3363.45,1.739702283014571
1,T0R1,1250,725.0,525.0,39.4,3363.45,1.739702283014571
1,T0R1,1740,1250.0,490.0,39.4,3363.45,1.739702283014571
1,T0R1,2380,1740.0,640.0,39.4,3363.45,1.739702283014571
1,T0R1,3305,2380.0,925.0,39.4,3363.45,1.739702283014571
2,T0R1,40,3305.0,-3265.0,39.4,3363.45,1.739702283014571
2,T0R1,100,40.0,60.0,39.4,3363.45,1.739702283014571
2,T0R1,345,100.0,245.0,39.4,3363.45,1.739702283014571
2,T0R1,805,345.0,460.0,39.4,3363.45,1.739702283014571
2,T0R1,1300,805.0,495.0,39.4,3363.45,1.739702283014571
2,T0R1,1780,1300.0,480.0,39.4,3363.45,1.739702283014571
2,T0R1,2370,1780.0,590.0,39.4,3363.45,1.739702283014571
2,T0R1,3340,2370.0,970.0,39.4,3363.45,1.739702283014571
3,T0R1,40,3340.0,-3300.0,39.4,3363.45,1.739702283014571
3,T0R1,100,40.0,60.0,39.4,3363.45,1.739702283014571
3,T0R1,335,100.0,235.0,39.4,3363.45,1.739702283014571
3,T0R1,765,335.0,430.0,39.4,3363.45,1.739702283014571
3,T0R1,1285,765.0,520.0,39.4,3363.45,1.739702283014571
3,T0R1,1730,1285.0,445.0,39.4,3363.45,1.739702283014571
3,T0R1,2525,1730.0,795.0,39.4,3363.45,1.739702283014571
3,T0R1,3405,2525.0,880.0,39.4,3363.45,1.739702283014571
4,T0R1,35,3405.0,-3370.0,39.4,3363.45,1.739702283014571
4,T0R1,100,35.0,65.0,39.4,3363.45,1.739702283014571
4,T0R1,370,100.0,270.0,39.4,3363.45,1.739702283014571
4,T0R1,740,370.0,370.0,39.4,3363.45,1.739702283014571
4,T0R1,1255,740.0,515.0,39.4,3363.45,1.739702283014571
4,T0R1,1800,1255.0,545.0,39.4,3363.45,1.739702283014571
4,T0R1,2310,1800.0,510.0,39.4,3363.45,1.739702283014571
4,T0R1,3335,2310.0,1025.0,39.4,3363.45,1.739702283014571
5,T0R1,35,3335.0,-3300.0,39.4,3363.45,1.739702283014571
5,T0R1,120,35.0,85.0,39.4,3363.45,1.739702283014571
5,T0R1,360,120.0,240.0,39.4,3363.45,1.739702283014571
5,T0R1,770,360.0,410.0,39.4,3363.45,1.739702283014571
5,T0R1,1260,770.0,490.0,39.4,3363.45,1.739702283014571
5,T0R1,1720,1260.0,460.0,39.4,3363.45,1.739702283014571
5,T0R1,2370,1720.0,650.0,39.4,3363.45,1.739702283014571
5,T0R1,3320,2370.0,950.0,39.4,3363.45,1.739702283014571
6,T0R1,40,3320.0,-3280.0,39.4,3363.45,1.739702283014571
6,T0R1,105,40.0,65.0,39.4,3363.45,1.739702283014571
6,T0R1,305,105.0,200.0,39.4,3363.45,1.739702283014571
6,T0R1,760,305.0,455.0,39.4,3363.45,1.739702283014571
6,T0R1,1200,760.0,440.0,39.4,3363.45,1.739702283014571
6,T0R1,1760,1200.0,560.0,39.4,3363.45,1.739702283014571
6,T0R1,2340,1760.0,580.0,39.4,3363.45,1.739702283014571
6,T0R1,3310,2340.0,970.0,39.4,3363.45,1.739702283014571
7,T0R1,40,3310.0,-3270.0,39.4,3363.45,1.739702283014571
7,T0R1,120,40.0,80.0,39.4,3363.45,1.739702283014571
7,T0R1,330,120.0,210.0,39.4,3363.45,1.739702283014571
7,T0R1,725,330.0,395.0,39.4,3363.45,1.739702283014571
7,T0R1,1320,725.0,595.0,39.4,3363.45,1.739702283014571
7,T0R1,1730,1320.0,410.0,39.4,3363.45,1.739702283014571
7,T0R1,2310,1730.0,580.0,39.4,3363.45,1.739702283014571
7,T0R1,3335,2310.0,1025.0,39.4,3363.45,1.739702283014571
8,T0R1,40,3335.0,-3295.0,39.4,3363.45,1.739702283014571
8,T0R1,120,40.0,80.0,39.4,3363.45,1.739702283014571
8,T0R1,360,120.0,240.0,39.4,3363.45,1.739702283014571
8,T0R1,720,360.0,360.0,39.4,3363.45,1.739702283014571
8,T0R1,1235,720.0,515.0,39.4,3363.45,1.739702283014571
8,T0R1,1700,1235.0,465.0,39.4,3363.45,1.739702283014571
8,T0R1,2350,1700.0,650.0,39.4,3363.45,1.739702283014571
8,T0R1,3350,2350.0,1000.0,39.4,3363.45,1.739702283014571
9,T0R1,40,3350.0,-3310.0,39.4,3363.45,1.739702283014571
9,T0R1,125,40.0,85.0,39.4,3363.45,1.739702283014571
9,T0R1,370,125.0,245.0,39.4,3363.45,1.739702283014571
9,T0R1,730,370.0,360.0,39.4,3363.45,1.739702283014571
9,T0R1,1320,730.0,590.0,39.4,3363.45,1.739702283014571
9,T0R1,1710,1320.0,390.0,39.4,3363.45,1.739702283014571
9,T0R1,2360,1710.0,650.0,39.4,3363.45,1.739702283014571
9,T0R1,3340,2360.0,980.0,39.4,3363.45,1.739702283014571
10,T0R1,40,3340.0,-3300.0,39.4,3363.45,1.739702283014571
1,T0R2,40,,,39.4,3363.45,1.739702283014571
1,T0R2,105,40.0,65.0,39.4,3363.45,1.739702283014571
1,T0R2,370,105.0,265.0,39.4,3363.45,1.739702283014571
1,T0R2,755,370.0,385.0,39.4,3363.45,1.739702283014571
1,T0R2,1305,755.0,550.0,39.4,3363.45,1.739702283014571
1,T0R2,1820,1305.0,515.0,39.4,3363.45,1.739702283014571
1,T0R2,2590,1820.0,770.0,39.4,3363.45,1.739702283014571
1,T0R2,3345,2590.0,755.0,39.4,3363.45,1.739702283014571
2,T0R2,40,3345.0,-3305.0,39.4,3363.45,1.739702283014571
2,T0R2,110,40.0,70.0,39.4,3363.45,1.739702283014571
2,T0R2,360,110.0,250.0,39.4,3363.45,1.739702283014571
2,T0R2,780,360.0,420.0,39.4,3363.45,1.739702283014571
2,T0R2,1215,780.0,435.0,39.4,3363.45,1.739702283014571
2,T0R2,1780,1215.0,565.0,39.4,3363.45,1.739702283014571
2,T0R2,2380,1780.0,600.0,39.4,3363.45,1.739702283014571
2,T0R2,3385,2380.0,1005.0,39.4,3363.45,1.739702283014571
3,T0R2,40,3385.0,-3345.0,39.4,3363.45,1.739702283014571
3,T0R2,120,40.0,80.0,39.4,3363.45,1.739702283014571
3,T0R2,395,120.0,275.0,39.4,3363.45,1.739702283014571
3,T0R2,750,395.0,355.0,39.4,3363.45,1.739702283014571
3,T0R2,1245,750.0,495.0,39.4,3363.45,1.739702283014571
3,T0R2,1770,1245.0,525.0,39.4,3363.45,1.739702283014571
3,T0R2,2610,1770.0,840.0,39.4,3363.45,1.739702283014571
3,T0R2,3330,2610.0,720.0,39.4,3363.45,1.739702283014571
4,T0R2,40,3330.0,-3290.0,39.4,3363.45,1.739702283014571
4,T0R2,125,40.0,85.0,39.4,3363.45,1.739702283014571
4,T0R2,360,125.0,235.0,39.4,3363.45,1.739702283014571
4,T0R2,840,360.0,480.0,39.4,3363.45,1.739702283014571
4,T0R2,1200,840.0,360.0,39.4,3363.45,1.739702283014571
4,T0R2,1750,1200.0,550.0,39.4,3363.45,1.739702283014571
4,T0R2,2410,1750.0,660.0,39.4,3363.45,1.739702283014571
4,T0R2,3390,2410.0,980.0,39.4,3363.45,1.739702283014571
5,T0R2,40,3390.0,-3350.0,39.4,3363.45,1.739702283014571
5,T0R2,125,40.0,85.0,39.4,3363.45,1.739702283014571
5,T0R2,355,125.0,230.0,39.4,3363.45,1.739702283014571
5,T0R2,76,355.0,-279.0,39.4,3363.45,1.739702283014571
5,T0R2,1295,76.0,1219.0,39.4,3363.45,1.739702283014571
5,T0R2,1700,1295.0,405.0,39.4,3363.45,1.739702283014571
5,T0R2,2340,1700.0,640.0,39.4,3363.45,1.739702283014571
5,T0R2,3395,2340.0,1055.0,39.4,3363.45,1.739702283014571
6,T0R2,40,3395.0,-3355.0,39.4,3363.45,1.739702283014571
6,T0R2,110,40.0,70.0,39.4,3363.45,1.739702283014571
6,T0R2,330,110.0,220.0,39.4,3363.45,1.739702283014571
6,T0R2,700,330.0,370.0,39.4,3363.45,1.739702283014571
6,T0R2,1400,700.0,700.0,39.4,3363.45,1.739702283014571
6,T0R2,1800,1400.0,400.0,39.4,3363.45,1.739702283014571
6,T0R2,2500,1800.0,700.0,39.4,3363.45,1.739702283014571
6,T0R2,3400,2500.0,900.0,39.4,3363.45,1.739702283014571
7,T0R2,40,3400.0,-3360.0,39.4,3363.45,1.739702283014571
7,T0R2,100,40.0,60.0,39.4,3363.45,1.739702283014571
7,T0R2,360,100.0,260.0,39.4,3363.45,1.739702283014571
7,T0R2,725,360.0,365.0,39.4,3363.45,1.739702283014571
7,T0R2,1250,725.0,525.0,39.4,3363.45,1.739702283014571
7,T0R2,1795,1250.0,545.0,39.4,3363.45,1.739702283014571
7,T0R2,2300,1795.0,505.0,39.4,3363.45,1.739702283014571
7,T0R2,3405,2300.0,1105.0,39.4,3363.45,1.739702283014571
8,T0R2,40,3405.0,-3365.0,39.4,3363.45,1.739702283014571
8,T0R2,100,40.0,60.0,39.4,3363.45,1.739702283014571
8,T0R2,340,100.0,240.0,39.4,3363.45,1.739702283014571
8,T0R2,790,340.0,450.0,39.4,3363.45,1.739702283014571
8,T0R2,1265,790.0,475.0,39.4,3363.45,1.739702283014571
8,T0R2,1785,1265.0,520.0,39.4,3363.45,1.739702283014571
8,T0R2,2320,1785.0,535.0,39.4,3363.45,1.739702283014571
8,T0R2,3495,2320.0,1175.0,39.4,3363.45,1.739702283014571
9,T0R2,40,3495.0,-3455.0,39.4,3363.45,1.739702283014571
9,T0R2,130,40.0,90.0,39.4,3363.45,1.739702283014571
9,T0R2,310,130.0,180.0,39.4,3363.45,1.739702283014571
9,T0R2,850,310.0,540.0,39.4,3363.45,1.739702283014571
9,T0R2,1215,850.0,365.0,39.4,3363.45,1.739702283014571
9,T0R2,1805,1215.0,590.0,39.4,3363.45,1.739702283014571
9,T0R2,2310,1805.0,505.0,39.4,3363.45,1.739702283014571
9,T0R2,3395,2310.0,1085.0,39.4,3363.45,1.739702283014571
10,T0R2,35,3395.0,-3360.0,39.4,3363.45,1.739702283014571
10,T0R2,120,35.0,85.0,39.4,3363.45,1.739702283014571
10,T0R2,395,120.0,275.0,39.4,3363.45,1.739702283014571
10,T0R2,790,395.0,395.0,39.4,3363.45,1.739702283014571
10,T0R2,1235,790.0,445.0,39.4,3363.45,1.739702283014571
10,T0R2,1815,1235.0,580.0,39.4,3363.45,1.739702283014571
10,T0R2,2305,1815.0,490.0,39.4,3363.45,1.739702283014571
1,T0R3,40,,,39.4,3363.45,1.739702283014571
1,T0R3,100,40.0,60.0,39.4,3363.45,1.739702283014571
1,T0R3,310,100.0,210.0,39.4,3363.45,1.739702283014571
1,T0R3,730,310.0,420.0,39.4,3363.45,1.739702283014571
1,T0R3,1210,730.0,480.0,39.4,3363.45,1.739702283014571
1,T0R3,1730,1210.0,520.0,39.4,3363.45,1.739702283014571
1,T0R3,2300,1730.0,570.0,39.4,3363.45,1.739702283014571
1,T0R3,3350,2300.0,1050.0,39.4,3363.45,1.739702283014571
2,T0R3,40,3350.0,-3310.0,39.4,3363.45,1.739702283014571
2,T0R3,110,40.0,70.0,39.4,3363.45,1.739702283014571
2,T0R3,315,110.0,205.0,39.4,3363.45,1.739702283014571
2,T0R3,730,315.0,415.0,39.4,3363.45,1.739702283014571
2,T0R3,1270,730.0,540.0,39.4,3363.45,1.739702283014571
2,T0R3,1750,1270.0,480.0,39.4,3363.45,1.739702283014571
2,T0R3,2395,1750.0,645.0,39.4,3363.45,1.739702283014571
2,T0R3,3365,2395.0,970.0,39.4,3363.45,1.739702283014571
3,T0R3,40,3365.0,-3325.0,39.4,3363.45,1.739702283014571
3,T0R3,120,40.0,80.0,39.4,3363.45,1.739702283014571
3,T0R3,345,120.0,225.0,39.4,3363.45,1.739702283014571
3,T0R3,750,345.0,405.0,39.4,3363.45,1.739702283014571
3,T0R3,1215,750.0,465.0,39.4,3363.45,1.739702283014571
3,T0R3,1765,1215.0,550.0,39.4,3363.45,1.739702283014571
3,T0R3,2345,1765.0,580.0,39.4,3363.45,1.739702283014571
3,T0R3,3349,2345.0,1004.0,39.4,3363.45,1.739702283014571
4,T0R3,40,3349.0,-3309.0,39.4,3363.45,1.739702283014571
4,T0R3,100,40.0,60.0,39.4,3363.45,1.739702283014571
4,T0R3,300,100.0,200.0,39.4,3363.45,1.739702283014571
4,T0R3,840,300.0,540.0,39.4,3363.45,1.739702283014571
4,T0R3,1395,840.0,555.0,39.4,3363.45,1.739702283014571
4,T0R3,1860,1395.0,465.0,39.4,3363.45,1.739702283014571
4,T0R3,2337,1860.0,477.0,39.4,3363.45,1.739702283014571
4,T0R3,3455,2337.0,1118.0,39.4,3363.45,1.739702283014571
5,T0R3,40,3455.0,-3415.0,39.4,3363.45,1.739702283014571
5,T0R3,100,40.0,60.0,39.4,3363.45,1.739702283014571
5,T0R3,355,100.0,255.0,39.4,3363.45,1.739702283014571
5,T0R3,840,355.0,485.0,39.4,3363.45,1.739702283014571
5,T0R3,1210,840.0,370.0,39.4,3363.45,1.739702283014571
5,T0R3,1780,1210.0,570.0,39.4,3363.45,1.739702283014571
5,T0R3,2455,1780.0,675.0,39.4,3363.45,1.739702283014571
5,T0R3,3320,2455.0,865.0,39.4,3363.45,1.739702283014571
6,T0R3,40,3320.0,-3280.0,39.4,3363.45,1.739702283014571
6,T0R3,120,40.0,80.0,39.4,3363.45,1.739702283014571
6,T0R3,300,120.0,180.0,39.4,3363.45,1.739702283014571
6,T0R3,790,300.0,490.0,39.4,3363.45,1.739702283014571
6,T0R3,1255,790.0,465.0,39.4,3363.45,1.739702283014571
6,T0R3,1745,1255.0,490.0,39.4,3363.45,1.739702283014571
6,T0R3,2325,1745.0,580.0,39.4,3363.45,1.739702283014571
6,T0R3,3365,2325.0,1040.0,39.4,3363.45,1.739702283014571
7,T0R3,40,3365.0,-3325.0,39.4,3363.45,1.739702283014571
7,T0R3,130,40.0,90.0,39.4,3363.45,1.739702283014571
7,T0R3,325,130.0,195.0,39.4,3363.45,1.739702283014571
7,T0R3,770,325.0,445.0,39.4,3363.45,1.739702283014571
7,T0R3,1275,770.0,505.0,39.4,3363.45,1.739702283014571
7,T0R3,1760,1275.0,485.0,39.4,3363.45,1.739702283014571
7,T0R3,2370,1760.0,610.0,39.4,3363.45,1.739702283014571
7,T0R3,3375,2370.0,1005.0,39.4,3363.45,1.739702283014571
8,T0R3,35,3375.0,-3340.0,39.4,3363.45,1.739702283014571
8,T0R3,105,35.0,70.0,39.4,3363.45,1.739702283014571
8,T0R3,305,105.0,200.0,39.4,3363.45,1.739702283014571
8,T0R3,810,305.0,505.0,39.4,3363.45,1.739702283014571
8,T0R3,1235,810.0,425.0,39.4,3363.45,1.739702283014571
8,T0R3,1790,1235.0,555.0,39.4,3363.45,1.739702283014571
8,T0R3,2355,1790.0,565.0,39.4,3363.45,1.739702283014571
8,T0R3,3380,2355.0,1025.0,39.4,3363.45,1.739702283014571
9,T0R3,40,3380.0,-3340.0,39.4,3363.45,1.739702283014571
9,T0R3,120,40.0,80.0,39.4,3363.45,1.739702283014571
9,T0R3,355,120.0,235.0,39.4,3363.45,1.739702283014571
9,T0R3,830,355.0,475.0,39.4,3363.45,1.739702283014571
9,T0R3,1290,830.0,460.0,39.4,3363.45,1.739702283014571
9,T0R3,1770,1290.0,480.0,39.4,3363.45,1.739702283014571
9,T0R3,2345,1770.0,575.0,39.4,3363.45,1.739702283014571
9,T0R3,3345,2345.0,1000.0,39.4,3363.45,1.739702283014571
10,T0R3,40,3345.0,-3305.0,39.4,3363.45,1.739702283014571
10,T0R3,110,40.0,70.0,39.4,3363.45,1.739702283014571
10,T0R3,340,110.0,230.0,39.4,3363.45,1.739702283014571
10,T0R3,750,340.0,410.0,39.4,3363.45,1.739702283014571
10,T0R3,1295,750.0,545.0,39.4,3363.45,1.739702283014571
10,T0R3,1750,1295.0,455.0,39.4,3363.45,1.739702283014571
10,T0R3,2370,1750.0,620.0,39.4,3363.45,1.739702283014571
10,T0R3,3330,2370.0,960.0,39.4,3363.45,1.739702283014571
1,T0R4,35,,,39.4,3363.45,1.739702283014571
1,T0R4,105,35.0,70.0,39.4,3363.45,1.739702283014571
1,T0R4,320,105.0,215.0,39.4,3363.45,1.739702283014571
1,T0R4,760,320.0,440.0,39.4,3363.45,1.739702283014571
1,T0R4,1390,760.0,630.0,39.4,3363.45,1.739702283014571
1,T0R4,1895,1390.0,505.0,39.4,3363.45,1.739702283014571
1,T0R4,2360,1895.0,465.0,39.4,3363.45,1.739702283014571
1,T0R4,3405,2360.0,1045.0,39.4,3363.45,1.739702283014571
2,T0R4,40,3405.0,-3365.0,39.4,3363.45,1.739702283014571
2,T0R4,120,40.0,80.0,39.4,3363.45,1.739702283014571
2,T0R4,325,120.0,205.0,39.4,3363.45,1.739702283014571
2,T0R4,730,325.0,405.0,39.4,3363.45,1.739702283014571
2,T0R4,1255,730.0,525.0,39.4,3363.45,1.739702283014571
2,T0R4,1755,1255.0,500.0,39.4,3363.45,1.739702283014571
2,T0R4,2330,1755.0,575.0,39.4,3363.45,1.739702283014571
2,T0R4,3355,2330.0,1025.0,39.4,3363.45,1.739702283014571
3,T0R4,40,3355.0,-3315.0,39.4,3363.45,1.739702283014571
3,T0R4,120,40.0,80.0,39.4,3363.45,1.739702283014571
3,T0R4,300,120.0,180.0,39.4,3363.45,1.739702283014571
3,T0R4,795,300.0,495.0,39.4,3363.45,1.739702283014571
3,T0R4,1295,795.0,500.0,39.4,3363.45,1.739702283014571
3,T0R4,1795,1295.0,500.0,39.4,3363.45,1.739702283014571
3,T0R4,2345,1795.0,550.0,39.4,3363.45,1.739702283014571
3,T0R4,3395,2345.0,1050.0,39.4,3363.45,1.739702283014571
4,T0R4,40,3395.0,-3355.0,39.4,3363.45,1.739702283014571
4,T0R4,105,40.0,65.0,39.4,3363.45,1.739702283014571
4,T0R4,330,105.0,225.0,39.4,3363.45,1.739702283014571
4,T0R4,745,330.0,415.0,39.4,3363.45,1.739702283014571
4,T0R4,1230,745.0,485.0,39.4,3363.45,1.739702283014571
4,T0R4,1780,1230.0,550.0,39.4,3363.45,1.739702283014571
4,T0R4,2350,1780.0,570.0,39.4,3363.45,1.739702283014571
4,T0R4,3320,2350.0,970.0,39.4,3363.45,1.739702283014571
5,T0R4,40,3320.0,-3280.0,39.4,3363.45,1.739702283014571
5,T0R4,100,40.0,60.0,39.4,3363.45,1.739702283014571
5,T0R4,325,100.0,225.0,39.4,3363.45,1.739702283014571
5,T0R4,780,325.0,455.0,39.4,3363.45,1.739702283014571
5,T0R4,1250,780.0,470.0,39.4,3363.45,1.739702283014571
5,T0R4,2035,1250.0,785.0,39.4,3363.45,1.739702283014571
5,T0R4,2360,2035.0,325.0,39.4,3363.45,1.739702283014571
5,T0R4,3356,2360.0,996.0,39.4,3363.45,1.739702283014571
6,T0R4,40,3356.0,-3316.0,39.4,3363.45,1.739702283014571
6,T0R4,110,40.0,70.0,39.4,3363.45,1.739702283014571
6,T0R4,365,110.0,255.0,39.4,3363.45,1.739702283014571
6,T0R4,730,365.0,365.0,39.4,3363.45,1.739702283014571
6,T0R4,1285,730.0,555.0,39.4,3363.45,1.739702283014571
6,T0R4,1775,1285.0,490.0,39.4,3363.45,1.739702283014571
6,T0R4,2395,1775.0,620.0,39.4,3363.45,1.739702283014571
6,T0R4,3355,2395.0,960.0,39.4,3363.45,1.739702283014571
7,T0R4,40,3355.0,-3315.0,39.4,3363.45,1.739702283014571
7,T0R4,100,40.0,60.0,39.4,3363.45,1.739702283014571
7,T0R4,300,100.0,200.0,39.4,3363.45,1.739702283014571
7,T0R4,830,300.0,530.0,39.4,3363.45,1.739702283014571
7,T0R4,1280,830.0,450.0,39.4,3363.45,1.739702283014571
7,T0R4,1700,1280.0,420.0,39.4,3363.45,1.739702283014571
7,T0R4,2370,1700.0,670.0,39.4,3363.45,1.739702283014571
7,T0R4,3347,2370.0,977.0,39.4,3363.45,1.739702283014571
8,T0R4,40,3347.0,-3307.0,39.4,3363.45,1.739702283014571
8,T0R4,100,40.0,60.0,39.4,3363.45,1.739702283014571
8,T0R4,320,100.0,220.0,39.4,3363.45,1.739702283014571
8,T0R4,790,320.0,470.0,39.4,3363.45,1.739702283014571
8,T0R4,1240,790.0,450.0,39.4,3363.45,1.739702283014571
8,T0R4,1760,1240.0,520.0,39.4,3363.45,1.739702283014571
8,T0R4,2345,1760.0,585.0,39.4,3363.45,1.739702283014571
8,T0R4,3330,2345.0,985.0,39.4,3363.45,1.739702283014571
9,T0R4,40,3330.0,-3290.0,39.4,3363.45,1.739702283014571
9,T0R4,120,40.0,80.0,39.4,3363.45,1.739702283014571
9,T0R4,325,120.0,205.0,39.4,3363.45,1.739702283014571
9,T0R4,740,325.0,415.0,39.4,3363.45,1.739702283014571
9,T0R4,1205,740.0,465.0,39.4,3363.45,1.739702283014571
9,T0R4,1750,1205.0,545.0,39.4,3363.45,1.739702283014571
9,T0R4,2390,1750.0,640.0,39.4,3363.45,1.739702283014571
9,T0R4,3310,2390.0,920.0,39.4,3363.45,1.739702283014571
10,T0R4,40,3310.0,-3270.0,39.4,3363.45,1.739702283014571
10,T0R4,115,40.0,75.0,39.4,3363.45,1.739702283014571
10,T0R4,330,115.0,215.0,39.4,3363.45,1.739702283014571
10,T0R4,730,330.0,400.0,39.4,3363.45,1.739702283014571
1,T0R5,35,,,39.4,3363.45,1.739702283014571
1,T0R5,130,35.0,95.0,39.4,3363.45,1.739702283014571
1,T0R5,350,130.0,220.0,39.4,3363.45,1.739702283014571
1,T0R5,760,350.0,410.0,39.4,3363.45,1.739702283014571
1,T0R5,1240,760.0,480.0,39.4,3363.45,1.739702283014571
1,T0R5,1830,1240.0,590.0,39.4,3363.45,1.739702283014571
1,T0R5,2390,1830.0,560.0,39.4,3363.45,1.739702283014571
1,T0R5,3320,2390.0,930.0,39.4,3363.45,1.739702283014571
2,T0R5,35,3320.0,-3285.0,39.4,3363.45,1.739702283014571
2,T0R5,120,35.0,85.0,39.4,3363.45,1.739702283014571
2,T0R5,390,120.0,270.0,39.4,3363.45,1.739702283014571
2,T0R5,740,390.0,350.0,39.4,3363.45,1.739702283014571
2,T0R5,1340,740.0,600.0,39.4,3363.45,1.739702283014571
2,T0R5,2070,1340.0,730.0,39.4,3363.45,1.739702283014571
2,T0R5,2345,2070.0,275.0,39.4,3363.45,1.739702283014571
2,T0R5,3360,2345.0,1015.0,39.4,3363.45,1.739702283014571
3,T0R5,40,3360.0,-3320.0,39.4,3363.45,1.739702283014571
3,T0R5,100,40.0,60.0,39.4,3363.45,1.739702283014571
3,T0R5,345,100.0,245.0,39.4,3363.45,1.739702283014571
3,T0R5,860,345.0,515.0,39.4,3363.45,1.739702283014571
3,T0R5,1310,860.0,450.0,39.4,3363.45,1.739702283014571
3,T0R5,1780,1310.0,470.0,39.4,3363.45,1.739702283014571
3,T0R5,2365,1780.0,585.0,39.4,3363.45,1.739702283014571
3,T0R5,3400,2365.0,1035.0,39.4,3363.45,1.739702283014571
4,T0R5,40,3400.0,-3360.0,39.4,3363.45,1.739702283014571
4,T0R5,120,40.0,80.0,39.4,3363.45,1.739702283014571
4,T0R5,375,120.0,255.0,39.4,3363.45,1.739702283014571
4,T0R5,785,375.0,410.0,39.4,3363.45,1.739702283014571
4,T0R5,1210,785.0,425.0,39.4,3363.45,1.739702283014571
4,T0R5,2125,1210.0,915.0,39.4,3363.45,1.739702283014571
4,T0R5,2345,2125.0,220.0,39.4,3363.45,1.739702283014571
4,T0R5,3485,2345.0,1140.0,39.4,3363.45,1.739702283014571
5,T0R5,40,3485.0,-3445.0,39.4,3363.45,1.739702283014571
5,T0R5,130,40.0,90.0,39.4,3363.45,1.739702283014571
5,T0R5,370,130.0,240.0,39.4,3363.45,1.739702283014571
5,T0R5,750,370.0,380.0,39.4,3363.45,1.739702283014571
5,T0R5,1265,750.0,515.0,39.4,3363.45,1.739702283014571
5,T0R5,1810,1265.0,545.0,39.4,3363.45,1.739702283014571
5,T0R5,2358,1810.0,548.0,39.4,3363.45,1.739702283014571
5,T0R5,3475,2358.0,1117.0,39.4,3363.45,1.739702283014571
6,T0R5,40,3475.0,-3435.0,39.4,3363.45,1.739702283014571
6,T0R5,100,40.0,60.0,39.4,3363.45,1.739702283014571
6,T0R5,330,100.0,230.0,39.4,3363.45,1.739702283014571
6,T0R5,775,330.0,445.0,39.4,3363.45,1.739702283014571
6,T0R5,1230,775.0,455.0,39.4,3363.45,1.739702283014571
6,T0R5,1780,1230.0,550.0,39.4,3363.45,1.739702283014571
6,T0R5,2385,1780.0,605.0,39.4,3363.45,1.739702283014571
6,T0R5,3338,2385.0,953.0,39.4,3363.45,1.739702283014571
7,T0R5,40,3338.0,-3298.0,39.4,3363.45,1.739702283014571
7,T0R5,140,40.0,100.0,39.4,3363.45,1.739702283014571
7,T0R5,395,140.0,255.0,39.4,3363.45,1.739702283014571
7,T0R5,800,395.0,405.0,39.4,3363.45,1.739702283014571
7,T0R5,1475,800.0,675.0,39.4,3363.45,1.739702283014571
7,T0R5,1705,1475.0,230.0,39.4,3363.45,1.739702283014571
7,T0R5,2395,1705.0,690.0,39.4,3363.45,1.739702283014571
7,T0R5,3340,2395.0,945.0,39.4,3363.45,1.739702283014571
8,T0R5,40,3340.0,-3300.0,39.4,3363.45,1.739702283014571
8,T0R5,110,40.0,70.0,39.4,3363.45,1.739702283014571
8,T0R5,410,110.0,300.0,39.4,3363.45,1.739702283014571
8,T0R5,820,410.0,410.0,39.4,3363.45,1.739702283014571
8,T0R5,1365,820.0,545.0,39.4,3363.45,1.739702283014571
8,T0R5,1700,1365.0,335.0,39.4,3363.45,1.739702283014571
8,T0R5,2410,1700.0,710.0,39.4,3363.45,1.739702283014571
8,T0R5,3320,2410.0,910.0,39.4,3363.45,1.739702283014571
9,T0R5,40,3320.0,-3280.0,39.4,3363.45,1.739702283014571
9,T0R5,100,40.0,60.0,39.4,3363.45,1.739702283014571
9,T0R5,390,100.0,290.0,39.4,3363.45,1.739702283014571
9,T0R5,910,390.0,520.0,39.4,3363.45,1.739702283014571
9,T0R5,1210,910.0,300.0,39.4,3363.45,1.739702283014571
9,T0R5,1725,1210.0,515.0,39.4,3363.45,1.739702283014571
9,T0R5,2425,1725.0,700.0,39.4,3363.45,1.739702283014571
9,T0R5,3315,2425.0,890.0,39.4,3363.45,1.739702283014571
10,T0R5,40,3315.0,-3275.0,39.4,3363.45,1.739702283014571
10,T0R5,120,40.0,80.0,39.4,3363.45,1.739702283014571
10,T0R5,385,120.0,265.0,39.4,3363.45,1.739702283014571
10,T0R5,810,385.0,425.0,39.4,3363.45,1.739702283014571
10,T0R5,1220,810.0,410.0,39.4,3363.45,1.739702283014571
10,T0R5,1745,1220.0,525.0,39.4,3363.45,1.739702283014571
10,T0R5,2360,1745.0,615.0,39.4,3363.45,1.739702283014571
10,T0R5,3375,2360.0,1015.0,39.4,3363.45,1.739702283014571
1,T1R1,40,,,593.1999999999999,2850.158390022676,281.7152530819222
1,T1R1,125,40.0,85.0,593.1999999999999,2850.158390022676,281.7152530819222
1,T1R1,300,125.0,175.0,593.1999999999999,2850.158390022676,281.7152530819222
1,T1R1,760,300.0,460.0,593.1999999999999,2850.158390022676,281.7152530819222
1,T1R1,1200,760.0,440.0,593.1999999999999,2850.158390022676,281.7152530819222
1,T1R1,1730,1200.0,530.0,593.1999999999999,2850.158390022676,281.7152530819222
1,T1R1,2570,1730.0,840.0,593.1999999999999,2850.158390022676,281.7152530819222
1,T1R1,3465,2570.0,895.0,593.1999999999999,2850.158390022676,281.7152530819222
2,T1R1,40,3465.0,-3425.0,593.1999999999999,2850.158390022676,281.7152530819222
2,T1R1,100,40.0,60.0,593.1999999999999,2850.158390022676,281.7152530819222
2,T1R1,310,100.0,210.0,593.1999999999999,2850.158390022676,281.7152530819222
2,T1R1,785,310.0,475.0,593.1999999999999,2850.158390022676,281.7152530819222
2,T1R1,1335,785.0,550.0,593.1999999999999,2850.158390022676,281.7152530819222
2,T1R1,1770,1335.0,435.0,593.1999999999999,2850.158390022676,281.7152530819222
2,T1R1,2410,1770.0,640.0,593.1999999999999,2850.158390022676,281.7152530819222
2,T1R1,3390,2410.0,980.0,593.1999999999999,2850.158390022676,281.7152530819222
3,T1R1,35,3390.0,-3355.0,593.1999999999999,2850.158390022676,281.7152530819222
3,T1R1,100,35.0,65.0,593.1999999999999,2850.158390022676,281.7152530819222
3,T1R1,325,100.0,225.0,593.1999999999999,2850.158390022676,281.7152530819222
3,T1R1,720,325.0,395.0,593.1999999999999,2850.158390022676,281.7152530819222
3,T1R1,1240,720.0,520.0,593.1999999999999,2850.158390022676,281.7152530819222
3,T1R1,1795,1240.0,555.0,593.1999999999999,2850.158390022676,281.7152530819222
3,T1R1,2555,1795.0,760.0,593.1999999999999,2850.158390022676,281.7152530819222
3,T1R1,3358,2555.0,803.0,593.1999999999999,2850.158390022676,281.7152530819222
4,T1R1,40,3358.0,-3318.0,593.1999999999999,2850.158390022676,281.7152530819222
4,T1R1,120,40.0,80.0,593.1999999999999,2850.158390022676,281.7152530819222
4,T1R1,305,120.0,185.0,593.1999999999999,2850.158390022676,281.7152530819222
4,T1R1,780,305.0,475.0,593.1999999999999,2850.158390022676,281.7152530819222
4,T1R1,1250,780.0,470.0,593.1999999999999,2850.158390022676,281.7152530819222
4,T1R1,2020,1250.0,770.0,593.1999999999999,2850.158390022676,281.7152530819222
4,T1R1,2330,2020.0,310.0,593.1999999999999,2850.158390022676,281.7152530819222
4,T1R1,3370,2330.0,1040.0,593.1999999999999,2850.158390022676,281.7152530819222
5,T1R1,40,3370.0,-3330.0,593.1999999999999,2850.158390022676,281.7152530819222
5,T1R1,120,40.0,80.0,593.1999999999999,2850.158390022676,281.7152530819222
5,T1R1,300,120.0,180.0,593.1999999999999,2850.158390022676,281.7152530819222
5,T1R1,710,300.0,410.0,593.1999999999999,2850.158390022676,281.7152530819222
5,T1R1,1360,710.0,650.0,593.1999999999999,2850.158390022676,281.7152530819222
5,T1R1,1855,1360.0,495.0,593.1999999999999,2850.158390022676,281.7152530819222
5,T1R1,2390,1855.0,535.0,593.1999999999999,2850.158390022676,281.7152530819222
5,T1R1,3365,2390.0,975.0,593.1999999999999,2850.158390022676,281.7152530819222
6,T1R1,40,3365.0,-3325.0,593.1999999999999,2850.158390022676,281.7152530819222
6,T1R1,105,40.0,65.0,593.1999999999999,2850.158390022676,281.7152530819222
6,T1R1,305,105.0,200.0,593.1999999999999,2850.158390022676,281.7152530819222
6,T1R1,790,305.0,485.0,593.1999999999999,2850.158390022676,281.7152530819222
6,T1R1,1250,790.0,460.0,593.1999999999999,2850.158390022676,281.7152530819222
6,T1R1,1930,1250.0,680.0,593.1999999999999,2850.158390022676,281.7152530819222
6,T1R1,2380,1930.0,450.0,593.1999999999999,2850.158390022676,281.7152530819222
6,T1R1,3360,2380.0,980.0,593.1999999999999,2850.158390022676,281.7152530819222
7,T1R1,40,3360.0,-3320.0,593.1999999999999,2850.158390022676,281.7152530819222
7,T1R1,100,40.0,60.0,593.1999999999999,2850.158390022676,281.7152530819222
7,T1R1,330,100.0,230.0,593.1999999999999,2850.158390022676,281.7152530819222
7,T1R1,740,330.0,410.0,593.1999999999999,2850.158390022676,281.7152530819222
7,T1R1,1335,740.0,595.0,593.1999999999999,2850.158390022676,281.7152530819222
7,T1R1,1840,1335.0,505.0,593.1999999999999,2850.158390022676,281.7152530819222
7,T1R1,2410,1840.0,570.0,593.1999999999999,2850.158390022676,281.7152530819222
7,T1R1,3465,2410.0,1055.0,593.1999999999999,2850.158390022676,281.7152530819222
8,T1R1,40,3465.0,-3425.0,593.1999999999999,2850.158390022676,281.7152530819222
8,T1R1,125,40.0,85.0,593.1999999999999,2850.158390022676,281.7152530819222
8,T1R1,335,125.0,210.0,593.1999999999999,2850.158390022676,281.7152530819222
8,T1R1,760,335.0,425.0,593.1999999999999,2850.158390022676,281.7152530819222
8,T1R1,1200,760.0,440.0,593.1999999999999,2850.158390022676,281.7152530819222
8,T1R1,1930,1200.0,730.0,593.1999999999999,2850.158390022676,281.7152530819222
8,T1R1,2310,1930.0,380.0,593.1999999999999,2850.158390022676,281.7152530819222
8,T1R1,3458,2310.0,1148.0,593.1999999999999,2850.158390022676,281.7152530819222
9,T1R1,40,3458.0,-3418.0,593.1999999999999,2850.158390022676,281.7152530819222
9,T1R1,110,40.0,70.0,593.1999999999999,2850.158390022676,281.7152530819222
9,T1R1,300,110.0,190.0,593.1999999999999,2850.158390022676,281.7152530819222
9,T1R1,700,300.0,400.0,593.1999999999999,2850.158390022676,281.7152530819222
9,T1R1,1255,700.0,555.0,593.1999999999999,2850.158390022676,281.7152530819222
9,T1R1,1840,1255.0,585.0,593.1999999999999,2850.158390022676,281.7152530819222
9,T1R1,2500,1840.0,660.0,593.1999999999999,2850.158390022676,281.7152530819222
9,T1R1,3490,2500.0,990.0,593.1999999999999,2850.158390022676,281.7152530819222
10,T1R1,40,3490.0,-3450.0,593.1999999999999,2850.158390022676,281.7152530819222
10,T1R1,105,40.0,65.0,593.1999999999999,2850.158390022676,281.7152530819222
10,T1R1,305,105.0,200.0,593.1999999999999,2850.158390022676,281.7152530819222
10,T1R1,795,305.0,490.0,593.1999999999999,2850.158390022676,281.7152530819222
1,T1R2,40,,,593.1999999999999,2850.158390022676,281.7152530819222
1,T1R2,100,40.0,60.0,593.1999999999999,2850.158390022676,281.7152530819222
1,T1R2,380,100.0,280.0,593.1999999999999,2850.158390022676,281.7152530819222
1,T1R2,865,380.0,485.0,593.1999999999999,2850.158390022676,281.7152530819222
1,T1R2,1315,865.0,450.0,593.1999999999999,2850.158390022676,281.7152530819222
1,T1R2,1740,1315.0,425.0,593.1999999999999,2850.158390022676,281.7152530819222
1,T1R2,2485,1740.0,745.0,593.1999999999999,2850.158390022676,281.7152530819222
1,T1R2,3500,2485.0,1015.0,593.1999999999999,2850.158390022676,281.7152530819222
2,T1R2,40,3500.0,-3460.0,593.1999999999999,2850.158390022676,281.7152530819222
2,T1R2,100,40.0,60.0,593.1999999999999,2850.158390022676,281.7152530819222
2,T1R2,345,100.0,245.0,593.1999999999999,2850.158390022676,281.7152530819222
2,T1R2,780,345.0,435.0,593.1999999999999,2850.158390022676,281.7152530819222
2,T1R2,1205,780.0,425.0,593.1999999999999,2850.158390022676,281.7152530819222
2,T1R2,1855,1205.0,650.0,593.1999999999999,2850.158390022676,281.7152530819222
2,T1R2,2430,1855.0,575.0,593.1999999999999,2850.158390022676,281.7152530819222
2,T1R2,3495,2430.0,1065.0,593.1999999999999,2850.158390022676,281.7152530819222
3,T1R2,40,3495.0,-3455.0,593.1999999999999,2850.158390022676,281.7152530819222
3,T1R2,120,40.0,80.0,593.1999999999999,2850.158390022676,281.7152530819222
3,T1R2,350,120.0,230.0,593.1999999999999,2850.158390022676,281.7152530819222
3,T1R2,760,350.0,410.0,593.1999999999999,2850.158390022676,281.7152530819222
3,T1R2,1235,760.0,475.0,593.1999999999999,2850.158390022676,281.7152530819222
3,T1R2,1775,1235.0,540.0,593.1999999999999,2850.158390022676,281.7152530819222
3,T1R2,2440,1775.0,665.0,593.1999999999999,2850.158390022676,281.7152530819222
3,T1R2,3405,2440.0,965.0,593.1999999999999,2850.158390022676,281.7152530819222
4,T1R2,40,3405.0,-3365.0,593.1999999999999,2850.158390022676,281.7152530819222
4,T1R2,105,40.0,65.0,593.1999999999999,2850.158390022676,281.7152530819222
4,T1R2,350,105.0,245.0,593.1999999999999,2850.158390022676,281.7152530819222
4,T1R2,735,350.0,385.0,593.1999999999999,2850.158390022676,281.7152530819222
4,T1R2,1250,735.0,515.0,593.1999999999999,2850.158390022676,281.7152530819222
4,T1R2,1775,1250.0,525.0,593.1999999999999,2850.158390022676,281.7152530819222
4,T1R2,2450,1775.0,675.0,593.1999999999999,2850.158390022676,281.7152530819222
4,T1R2,3338,2450.0,888.0,593.1999999999999,2850.158390022676,281.7152530819222
5,T1R2,40,3338.0,-3298.0,593.1999999999999,2850.158390022676,281.7152530819222
5,T1R2,120,40.0,80.0,593.1999999999999,2850.158390022676,281.7152530819222
5,T1R2,370,120.0,250.0,593.1999999999999,2850.158390022676,281.7152530819222
5,T1R2,780,370.0,410.0,593.1999999999999,2850.158390022676,281.7152530819222
5,T1R2,1420,780.0,640.0,593.1999999999999,2850.158390022676,281.7152530819222
5,T1R2,1750,1420.0,330.0,593.1999999999999,2850.158390022676,281.7152530819222
5,T1R2,2530,1750.0,780.0,593.1999999999999,2850.158390022676,281.7152530819222
5,T1R2,3385,2530.0,855.0,593.1999999999999,2850.158390022676,281.7152530819222
6,T1R2,35,3385.0,-3350.0,593.1999999999999,2850.158390022676,281.7152530819222
6,T1R2,120,35.0,85.0,593.1999999999999,2850.158390022676,281.7152530819222
6,T1R2,300,120.0,180.0,593.1999999999999,2850.158390022676,281.7152530819222
6,T1R2,940,300.0,640.0,593.1999999999999,2850.158390022676,281.7152530819222
6,T1R2,1270,940.0,330.0,593.1999999999999,2850.158390022676,281.7152530819222
6,T1R2,1755,1270.0,485.0,593.1999999999999,2850.158390022676,281.7152530819222
6,T1R2,2330,1755.0,575.0,593.1999999999999,2850.158390022676,281.7152530819222
6,T1R2,3331,2330.0,1001.0,593.1999999999999,2850.158390022676,281.7152530819222
7,T1R2,40,3331.0,-3291.0,593.1999999999999,2850.158390022676,281.7152530819222
7,T1R2,125,40.0,85.0,593.1999999999999,2850.158390022676,281.7152530819222
7,T1R2,375,125.0,250.0,593.1999999999999,2850.158390022676,281.7152530819222
7,T1R2,785,375.0,410.0,593.1999999999999,2850.158390022676,281.7152530819222
7,T1R2,1235,785.0,450.0,593.1999999999999,2850.158390022676,281.7152530819222
7,T1R2,2065,1235.0,830.0,593.1999999999999,2850.158390022676,281.7152530819222
7,T1R2,2305,2065.0,240.0,593.1999999999999,2850.158390022676,281.7152530819222
7,T1R2,3405,2305.0,1100.0,593.1999999999999,2850.158390022676,281.7152530819222
8,T1R2,35,3405.0,-3370.0,593.1999999999999,2850.158390022676,281.7152530819222
8,T1R2,125,35.0,90.0,593.1999999999999,2850.158390022676,281.7152530819222
8,T1R2,330,125.0,205.0,593.1999999999999,2850.158390022676,281.7152530819222
8,T1R2,710,330.0,380.0,593.1999999999999,2850.158390022676,281.7152530819222
8,T1R2,1265,710.0,555.0,593.1999999999999,2850.158390022676,281.7152530819222
8,T1R2,1885,1265.0,620.0,593.1999999999999,2850.158390022676,281.7152530819222
8,T1R2,2350,1885.0,465.0,593.1999999999999,2850.158390022676,281.7152530819222
8,T1R2,3450,2350.0,1100.0,593.1999999999999,2850.158390022676,281.7152530819222
9,T1R2,40,3450.0,-3410.0,593.1999999999999,2850.158390022676,281.7152530819222
9,T1R2,100,40.0,60.0,593.1999999999999,2850.158390022676,281.7152530819222
9,T1R2,370,100.0,270.0,593.1999999999999,2850.158390022676,281.7152530819222
9,T1R2,780,370.0,410.0,593.1999999999999,2850.158390022676,281.7152530819222
9,T1R2,1370,780.0,590.0,593.1999999999999,2850.158390022676,281.7152530819222
9,T1R2,1735,1370.0,365.0,593.1999999999999,2850.158390022676,281.7152530819222
9,T1R2,2305,1735.0,570.0,593.1999999999999,2850.158390022676,281.7152530819222
9,T1R2,3345,2305.0,1040.0,593.1999999999999,2850.158390022676,281.7152530819222
10,T1R2,40,3345.0,-3305.0,593.1999999999999,2850.158390022676,281.7152530819222
10,T1R2,110,40.0,70.0,593.1999999999999,2850.158390022676,281.7152530819222
10,T1R2,385,110.0,275.0,593.1999999999999,2850.158390022676,281.7152530819222
1,T1R3,40,,,593.1999999999999,2850.158390022676,281.7152530819222
1,T1R3,120,40.0,80.0,593.1999999999999,2850.158390022676,281.7152530819222
1,T1R3,390,120.0,270.0,593.1999999999999,2850.158390022676,281.7152530819222
1,T1R3,795,390.0,405.0,593.1999999999999,2850.158390022676,281.7152530819222
1,T1R3,1215,795.0,420.0,593.1999999999999,2850.158390022676,281.7152530819222
1,T1R3,1775,1215.0,560.0,593.1999999999999,2850.158390022676,281.7152530819222
1,T1R3,2300,1775.0,525.0,593.1999999999999,2850.158390022676,281.7152530819222
1,T1R3,3450,2300.0,1150.0,593.1999999999999,2850.158390022676,281.7152530819222
2,T1R3,40,3450.0,-3410.0,593.1999999999999,2850.158390022676,281.7152530819222
2,T1R3,100,40.0,60.0,593.1999999999999,2850.158390022676,281.7152530819222
2,T1R3,310,100.0,210.0,593.1999999999999,2850.158390022676,281.7152530819222
2,T1R3,770,310.0,460.0,593.1999999999999,2850.158390022676,281.7152530819222
2,T1R3,1250,770.0,480.0,593.1999999999999,2850.158390022676,281.7152530819222
2,T1R3,1700,1250.0,450.0,593.1999999999999,2850.158390022676,281.7152530819222
2,T1R3,2310,1700.0,610.0,593.1999999999999,2850.158390022676,281.7152530819222
2,T1R3,3335,2310.0,1025.0,593.1999999999999,2850.158390022676,281.7152530819222
3,T1R3,40,3335.0,-3295.0,593.1999999999999,2850.158390022676,281.7152530819222
3,T1R3,120,40.0,80.0,593.1999999999999,2850.158390022676,281.7152530819222
3,T1R3,305,120.0,185.0,593.1999999999999,2850.158390022676,281.7152530819222
3,T1R3,790,305.0,485.0,593.1999999999999,2850.158390022676,281.7152530819222
3,T1R3,1290,790.0,500.0,593.1999999999999,2850.158390022676,281.7152530819222
3,T1R3,1750,1290.0,460.0,593.1999999999999,2850.158390022676,281.7152530819222
3,T1R3,2395,1750.0,645.0,593.1999999999999,2850.158390022676,281.7152530819222
3,T1R3,3450,2395.0,1055.0,593.1999999999999,2850.158390022676,281.7152530819222
4,T1R3,40,3450.0,-3410.0,593.1999999999999,2850.158390022676,281.7152530819222
4,T1R3,120,40.0,80.0,593.1999999999999,2850.158390022676,281.7152530819222
4,T1R3,375,120.0,255.0,593.1999999999999,2850.158390022676,281.7152530819222
4,T1R3,760,375.0,385.0,593.1999999999999,2850.158390022676,281.7152530819222
4,T1R3,1275,760.0,515.0,593.1999999999999,2850.158390022676,281.7152530819222
4,T1R3,1740,1275.0,465.0,593.1999999999999,2850.158390022676,281.7152530819222
4,T1R3,2345,1740.0,605.0,593.1999999999999,2850.158390022676,281.7152530819222
4,T1R3,3345,2345.0,1000.0,593.1999999999999,2850.158390022676,281.7152530819222
5,T1R3,40,3345.0,-3305.0,593.1999999999999,2850.158390022676,281.7152530819222
5,T1R3,105,40.0,65.0,593.1999999999999,2850.158390022676,281.7152530819222
5,T1R3,350,105.0,245.0,593.1999999999999,2850.158390022676,281.7152530819222
5,T1R3,750,350.0,400.0,593.1999999999999,2850.158390022676,281.7152530819222
5,T1R3,1280,750.0,530.0,593.1999999999999,2850.158390022676,281.7152530819222
5,T1R3,1780,1280.0,500.0,593.1999999999999,2850.158390022676,281.7152530819222
5,T1R3,2355,1780.0,575.0,593.1999999999999,2850.158390022676,281.7152530819222
5,T1R3,3375,2355.0,1020.0,593.1999999999999,2850.158390022676,281.7152530819222
6,T1R3,46,3375.0,-3329.0,593.1999999999999,2850.158390022676,281.7152530819222
6,T1R3,105,46.0,59.0,593.1999999999999,2850.158390022676,281.7152530819222
6,T1R3,325,105.0,220.0,593.1999999999999,2850.158390022676,281.7152530819222
6,T1R3,765,325.0,440.0,593.1999999999999,2850.158390022676,281.7152530819222
6,T1R3,1255,765.0,490.0,593.1999999999999,2850.158390022676,281.7152530819222
6,T1R3,1785,1255.0,530.0,593.1999999999999,2850.158390022676,281.7152530819222
6,T1R3,2395,1785.0,610.0,593.1999999999999,2850.158390022676,281.7152530819222
6,T1R3,3420,2395.0,1025.0,593.1999999999999,2850.158390022676,281.7152530819222
7,T1R3,40,3420.0,-3380.0,593.1999999999999,2850.158390022676,281.7152530819222
7,T1R3,100,40.0,60.0,593.1999999999999,2850.158390022676,281.7152530819222
7,T1R3,365,100.0,265.0,593.1999999999999,2850.158390022676,281.7152530819222
7,T1R3,790,365.0,425.0,593.1999999999999,2850.158390022676,281.7152530819222
7,T1R3,1255,790.0,465.0,593.1999999999999,2850.158390022676,281.7152530819222
7,T1R3,1745,1255.0,490.0,593.1999999999999,2850.158390022676,281.7152530819222
7,T1R3,2405,1745.0,660.0,593.1999999999999,2850.158390022676,281.7152530819222
7,T1R3,3360,2405.0,955.0,593.1999999999999,2850.158390022676,281.7152530819222
8,T1R3,40,3360.0,-3320.0,593.1999999999999,2850.158390022676,281.7152530819222
8,T1R3,120,40.0,80.0,593.1999999999999,2850.158390022676,281.7152530819222
8,T1R3,345,120.0,225.0,593.1999999999999,2850.158390022676,281.7152530819222
8,T1R3,770,345.0,425.0,593.1999999999999,2850.158390022676,281.7152530819222
8,T1R3,1280,770.0,510.0,593.1999999999999,2850.158390022676,281.7152530819222
8,T1R3,1760,1280.0,480.0,593.1999999999999,2850.158390022676,281.7152530819222
8,T1R3,2555,1760.0,795.0,593.1999999999999,2850.158390022676,281.7152530819222
8,T1R3,3458,2555.0,903.0,593.1999999999999,2850.158390022676,281.7152530819222
9,T1R3,40,3458.0,-3418.0,593.1999999999999,2850.158390022676,281.7152530819222
9,T1R3,125,40.0,85.0,593.1999999999999,2850.158390022676,281.7152530819222
9,T1R3,370,125.0,245.0,593.1999999999999,2850.158390022676,281.7152530819222
9,T1R3,795,370.0,425.0,593.1999999999999,2850.158390022676,281.7152530819222
9,T1R3,1210,795.0,415.0,593.1999999999999,2850.158390022676,281.7152530819222
9,T1R3,1700,1210.0,490.0,593.1999999999999,2850.158390022676,281.7152530819222
9,T1R3,2565,1700.0,865.0,593.1999999999999,2850.158390022676,281.7152530819222
9,T1R3,3345,2565.0,780.0,593.1999999999999,2850.158390022676,281.7152530819222
10,T1R3,40,3345.0,-3305.0,593.1999999999999,2850.158390022676,281.7152530819222
10,T1R3,125,40.0,85.0,593.1999999999999,2850.158390022676,281.7152530819222
10,T1R3,300,125.0,175.0,593.1999999999999,2850.158390022676,281.7152530819222
10,T1R3,735,300.0,435.0,593.1999999999999,2850.158390022676,281.7152530819222
10,T1R3,1295,735.0,560.0,593.1999999999999,2850.158390022676,281.7152530819222
10,T1R3,1745,1295.0,450.0,593.1999999999999,2850.158390022676,281.7152530819222
10,T1R3,2575,1745.0,830.0,593.1999999999999,2850.158390022676,281.7152530819222
10,T1R3,3495,2575.0,920.0,593.1999999999999,2850.158390022676,281.7152530819222
1,T1R4,40,,,593.1999999999999,2850.158390022676,281.7152530819222
1,T1R4,100,40.0,60.0,593.1999999999999,2850.158390022676,281.7152530819222
1,T1R4,315,100.0,215.0,593.1999999999999,2850.158390022676,281.7152530819222
1,T1R4,740,315.0,425.0,593.1999999999999,2850.158390022676,281.7152530819222
1,T1R4,1475,740.0,735.0,593.1999999999999,2850.158390022676,281.7152530819222
1,T1R4,1770,1475.0,295.0,593.1999999999999,2850.158390022676,281.7152530819222
1,T1R4,2320,1770.0,550.0,593.1999999999999,2850.158390022676,281.7152530819222
1,T1R4,3455,2320.0,1135.0,593.1999999999999,2850.158390022676,281.7152530819222
2,T1R4,40,3455.0,-3415.0,593.1999999999999,2850.158390022676,281.7152530819222
2,T1R4,110,40.0,70.0,593.1999999999999,2850.158390022676,281.7152530819222
2,T1R4,400,110.0,290.0,593.1999999999999,2850.158390022676,281.7152530819222
2,T1R4,840,400.0,440.0,593.1999999999999,2850.158390022676,281.7152530819222
2,T1R4,1270,840.0,430.0,593.1999999999999,2850.158390022676,281.7152530819222
2,T1R4,2070,1270.0,800.0,593.1999999999999,2850.158390022676,281.7152530819222
2,T1R4,2345,2070.0,275.0,593.1999999999999,2850.158390022676,281.7152530819222
2,T1R4,3356,2345.0,1011.0,593.1999999999999,2850.158390022676,281.7152530819222
3,T1R4,40,3356.0,-3316.0,593.1999999999999,2850.158390022676,281.7152530819222
3,T1R4,115,40.0,75.0,593.1999999999999,2850.158390022676,281.7152530819222
3,T1R4,365,115.0,250.0,593.1999999999999,2850.158390022676,281.7152530819222
3,T1R4,710,365.0,345.0,593.1999999999999,2850.158390022676,281.7152530819222
3,T1R4,1240,710.0,530.0,593.1999999999999,2850.158390022676,281.7152530819222
3,T1R4,1850,1240.0,610.0,593.1999999999999,2850.158390022676,281.7152530819222
3,T1R4,2375,1850.0,525.0,593.1999999999999,2850.158390022676,281.7152530819222
3,T1R4,3470,2375.0,1095.0,593.1999999999999,2850.158390022676,281.7152530819222
4,T1R4,40,3470.0,-3430.0,593.1999999999999,2850.158390022676,281.7152530819222
4,T1R4,120,40.0,80.0,593.1999999999999,2850.158390022676,281.7152530819222
4,T1R4,330,120.0,210.0,593.1999999999999,2850.158390022676,281.7152530819222
4,T1R4,775,330.0,445.0,593.1999999999999,2850.158390022676,281.7152530819222
4,T1R4,1250,775.0,475.0,593.1999999999999,2850.158390022676,281.7152530819222
4,T1R4,1810,1250.0,560.0,593.1999999999999,2850.158390022676,281.7152530819222
4,T1R4,2398,1810.0,588.0,593.1999999999999,2850.158390022676,281.7152530819222
4,T1R4,3350,2398.0,952.0,593.1999999999999,2850.158390022676,281.7152530819222
5,T1R4,40,3350.0,-3310.0,593.1999999999999,2850.158390022676,281.7152530819222
5,T1R4,110,40.0,70.0,593.1999999999999,2850.158390022676,281.7152530819222
5,T1R4,330,110.0,220.0,593.1999999999999,2850.158390022676,281.7152530819222
5,T1R4,900,330.0,570.0,593.1999999999999,2850.158390022676,281.7152530819222
5,T1R4,1260,900.0,360.0,593.1999999999999,2850.158390022676,281.7152530819222
5,T1R4,1765,1260.0,505.0,593.1999999999999,2850.158390022676,281.7152530819222
5,T1R4,2355,1765.0,590.0,593.1999999999999,2850.158390022676,281.7152530819222
5,T1R4,3335,2355.0,980.0,593.1999999999999,2850.158390022676,281.7152530819222
6,T1R4,40,3335.0,-3295.0,593.1999999999999,2850.158390022676,281.7152530819222
6,T1R4,105,40.0,65.0,593.1999999999999,2850.158390022676,281.7152530819222
6,T1R4,315,105.0,210.0,593.1999999999999,2850.158390022676,281.7152530819222
6,T1R4,825,315.0,510.0,593.1999999999999,2850.158390022676,281.7152530819222
6,T1R4,1235,825.0,410.0,593.1999999999999,2850.158390022676,281.7152530819222
6,T1R4,1845,1235.0,610.0,593.1999999999999,2850.158390022676,281.7152530819222
6,T1R4,2455,1845.0,610.0,593.1999999999999,2850.158390022676,281.7152530819222
6,T1R4,3343,2455.0,888.0,593.1999999999999,2850.158390022676,281.7152530819222
7,T1R4,40,3343.0,-3303.0,593.1999999999999,2850.158390022676,281.7152530819222
7,T1R4,100,40.0,60.0,593.1999999999999,2850.158390022676,281.7152530819222
7,T1R4,310,100.0,210.0,593.1999999999999,2850.158390022676,281.7152530819222
7,T1R4,775,310.0,465.0,593.1999999999999,2850.158390022676,281.7152530819222
7,T1R4,1255,775.0,480.0,593.1999999999999,2850.158390022676,281.7152530819222
7,T1R4,1920,1255.0,665.0,593.1999999999999,2850.158390022676,281.7152530819222
7,T1R4,2385,1920.0,465.0,593.1999999999999,2850.158390022676,281.7152530819222
7,T1R4,3350,2385.0,965.0,593.1999999999999,2850.158390022676,281.7152530819222
8,T1R4,40,3350.0,-3310.0,593.1999999999999,2850.158390022676,281.7152530819222
8,T1R4,110,40.0,70.0,593.1999999999999,2850.158390022676,281.7152530819222
8,T1R4,360,110.0,250.0,593.1999999999999,2850.158390022676,281.7152530819222
8,T1R4,900,360.0,540.0,593.1999999999999,2850.158390022676,281.7152530819222
8,T1R4,1340,900.0,440.0,593.1999999999999,2850.158390022676,281.7152530819222
8,T1R4,1960,1340.0,620.0,593.1999999999999,2850.158390022676,281.7152530819222
8,T1R4,2365,1960.0,405.0,593.1999999999999,2850.158390022676,281.7152530819222
8,T1R4,3455,2365.0,1090.0,593.1999999999999,2850.158390022676,281.7152530819222
9,T1R4,40,3455.0,-3415.0,593.1999999999999,2850.158390022676,281.7152530819222
9,T1R4,120,40.0,80.0,593.1999999999999,2850.158390022676,281.7152530819222
9,T1R4,300,120.0,180.0,593.1999999999999,2850.158390022676,281.7152530819222
9,T1R4,825,300.0,525.0,593.1999999999999,2850.158390022676,281.7152530819222
9,T1R4,1285,825.0,460.0,593.1999999999999,2850.158390022676,281.7152530819222
9,T1R4,1880,1285.0,595.0,593.1999999999999,2850.158390022676,281.7152530819222
10,T1R4,40,1880.0,-1840.0,593.1999999999999,2850.158390022676,281.7152530819222
10,T1R4,100,40.0,60.0,593.1999999999999,2850.158390022676,281.7152530819222
10,T1R4,320,100.0,220.0,593.1999999999999,2850.158390022676,281.7152530819222
10,T1R4,775,320.0,455.0,593.1999999999999,2850.158390022676,281.7152530819222
1,T1R5,40,,,593.1999999999999,2850.158390022676,281.7152530819222
1,T1R5,130,40.0,90.0,593.1999999999999,2850.158390022676,281.7152530819222
1,T1R5,400,130.0,270.0,593.1999999999999,2850.158390022676,281.7152530819222
1,T1R5,900,400.0,500.0,593.1999999999999,2850.158390022676,281.7152530819222
1,T1R5,1270,900.0,370.0,593.1999999999999,2850.158390022676,281.7152530819222
1,T1R5,2005,1270.0,735.0,593.1999999999999,2850.158390022676,281.7152530819222
1,T1R5,2344,2005.0,339.0,593.1999999999999,2850.158390022676,281.7152530819222
1,T1R5,3300,2344.0,956.0,593.1999999999999,2850.158390022676,281.7152530819222
2,T1R5,40,3300.0,-3260.0,593.1999999999999,2850.158390022676,281.7152530819222
2,T1R5,100,40.0,60.0,593.1999999999999,2850.158390022676,281.7152530819222
2,T1R5,400,100.0,300.0,593.1999999999999,2850.158390022676,281.7152530819222
2,T1R5,800,400.0,400.0,593.1999999999999,2850.158390022676,281.7152530819222
2,T1R5,1570,800.0,770.0,593.1999999999999,2850.158390022676,281.7152530819222
2,T1R5,1760,1570.0,190.0,593.1999999999999,2850.158390022676,281.7152530819222
2,T1R5,2359,1760.0,599.0,593.1999999999999,2850.158390022676,281.7152530819222
2,T1R5,3360,2359.0,1001.0,593.1999999999999,2850.158390022676,281.7152530819222
3,T1R5,40,3360.0,-3320.0,593.1999999999999,2850.158390022676,281.7152530819222
3,T1R5,110,40.0,70.0,593.1999999999999,2850.158390022676,281.7152530819222
3,T1R5,310,110.0,200.0,593.1999999999999,2850.158390022676,281.7152530819222
3,T1R5,840,310.0,530.0,593.1999999999999,2850.158390022676,281.7152530819222
3,T1R5,1205,840.0,365.0,593.1999999999999,2850.158390022676,281.7152530819222
3,T1R5,1780,1205.0,575.0,593.1999999999999,2850.158390022676,281.7152530819222
3,T1R5,2355,1780.0,575.0,593.1999999999999,2850.158390022676,281.7152530819222
3,T1R5,3545,2355.0,1190.0,593.1999999999999,2850.158390022676,281.7152530819222
4,T1R5,40,3545.0,-3505.0,593.1999999999999,2850.158390022676,281.7152530819222
4,T1R5,130,40.0,90.0,593.1999999999999,2850.158390022676,281.7152530819222
4,T1R5,375,130.0,245.0,593.1999999999999,2850.158390022676,281.7152530819222
4,T1R5,960,375.0,585.0,593.1999999999999,2850.158390022676,281.7152530819222
4,T1R5,1470,960.0,510.0,593.1999999999999,2850.158390022676,281.7152530819222
4,T1R5,1795,1470.0,325.0,593.1999999999999,2850.158390022676,281.7152530819222
4,T1R5,2367,1795.0,572.0,593.1999999999999,2850.158390022676,281.7152530819222
4,T1R5,3370,2367.0,1003.0,593.1999999999999,2850.158390022676,281.7152530819222
5,T1R5,35,3370.0,-3335.0,593.1999999999999,2850.158390022676,281.7152530819222
5,T1R5,100,35.0,65.0,593.1999999999999,2850.158390022676,281.7152530819222
5,T1R5,300,100.0,200.0,593.1999999999999,2850.158390022676,281.7152530819222
5,T1R5,885,300.0,585.0,593.1999999999999,2850.158390022676,281.7152530819222
5,T1R5,1440,885.0,555.0,593.1999999999999,2850.158390022676,281.7152530819222
5,T1R5,1850,1440.0,410.0,593.1999999999999,2850.158390022676,281.7152530819222
5,T1R5,2400,1850.0,550.0,593.1999999999999,2850.158390022676,281.7152530819222
5,T1R5,3345,2400.0,945.0,593.1999999999999,2850.158390022676,281.7152530819222
6,T1R5,40,3345.0,-3305.0,593.1999999999999,2850.158390022676,281.7152530819222
6,T1R5,125,40.0,85.0,593.1999999999999,2850.158390022676,281.7152530819222
6,T1R5,355,125.0,230.0,593.1999999999999,2850.158390022676,281.7152530819222
6,T1R5,830,355.0,475.0,593.1999999999999,2850.158390022676,281.7152530819222
6,T1R5,1270,830.0,440.0,593.1999999999999,2850.158390022676,281.7152530819222
6,T1R5,1820,1270.0,550.0,593.1999999999999,2850.158390022676,281.7152530819222
6,T1R5,2398,1820.0,578.0,593.1999999999999,2850.158390022676,281.7152530819222
6,T1R5,3350,2398.0,952.0,593.1999999999999,2850.158390022676,281.7152530819222
7,T1R5,40,3350.0,-3310.0,593.1999999999999,2850.158390022676,281.7152530819222
7,T1R5,105,40.0,65.0,593.1999999999999,2850.158390022676,281.7152530819222
7,T1R5,300,105.0,195.0,593.1999999999999,2850.158390022676,281.7152530819222
7,T1R5,840,300.0,540.0,593.1999999999999,2850.158390022676,281.7152530819222
7,T1R5,1290,840.0,450.0,593.1999999999999,2850.158390022676,281.7152530819222
7,T1R5,1800,1290.0,510.0,593.1999999999999,2850.158390022676,281.7152530819222
7,T1R5,2376,1800.0,576.0,593.1999999999999,2850.158390022676,281.7152530819222
7,T1R5,3310,2376.0,934.0,593.1999999999999,2850.158390022676,281.7152530819222
8,T1R5,40,3310.0,-3270.0,593.1999999999999,2850.158390022676,281.7152530819222
8,T1R5,100,40.0,60.0,593.1999999999999,2850.158390022676,281.7152530819222
8,T1R5,385,100.0,285.0,593.1999999999999,2850.158390022676,281.7152530819222
8,T1R5,775,385.0,390.0,593.1999999999999,2850.158390022676,281.7152530819222
8,T1R5,1240,775.0,465.0,593.1999999999999,2850.158390022676,281.7152530819222
8,T1R5,1795,1240.0,555.0,593.1999999999999,2850.158390022676,281.7152530819222
8,T1R5,2420,1795.0,625.0,593.1999999999999,2850.158390022676,281.7152530819222
8,T1R5,3455,2420.0,1035.0,593.1999999999999,2850.158390022676,281.7152530819222
9,T1R5,40,3455.0,-3415.0,593.1999999999999,2850.158390022676,281.7152530819222
9,T1R5,125,40.0,85.0,593.1999999999999,2850.158390022676,281.7152530819222
9,T1R5,390,125.0,265.0,593.1999999999999,2850.158390022676,281.7152530819222
9,T1R5,910,390.0,520.0,593.1999999999999,2850.158390022676,281.7152530819222
9,T1R5,1350,910.0,440.0,593.1999999999999,2850.158390022676,281.7152530819222
9,T1R5,1810,1350.0,460.0,593.1999999999999,2850.158390022676,281.7152530819222
9,T1R5,2410,1810.0,600.0,593.1999999999999,2850.158390022676,281.7152530819222
10,T1R5,40,2410.0,-2370.0,593.1999999999999,2850.158390022676,281.7152530819222
10,T1R5,110,40.0,70.0,593.1999999999999,2850.158390022676,281.7152530819222
10,T1R5,390,110.0,280.0,593.1999999999999,2850.158390022676,281.7152530819222
1,T2R1,40,,,615.9833333333333,2941.445578231293,284.9441084869472
1,T2R1,110,40.0,70.0,615.9833333333333,2941.445578231293,284.9441084869472
1,T2R1,365,110.0,255.0,615.9833333333333,2941.445578231293,284.9441084869472
1,T2R1,805,365.0,440.0,615.9833333333333,2941.445578231293,284.9441084869472
1,T2R1,1400,805.0,595.0,615.9833333333333,2941.445578231293,284.9441084869472
1,T2R1,1810,1400.0,410.0,615.9833333333333,2941.445578231293,284.9441084869472
1,T2R1,2445,1810.0,635.0,615.9833333333333,2941.445578231293,284.9441084869472
1,T2R1,3505,2445.0,1060.0,615.9833333333333,2941.445578231293,284.9441084869472
2,T2R1,40,3505.0,-3465.0,615.9833333333333,2941.445578231293,284.9441084869472
2,T2R1,110,40.0,70.0,615.9833333333333,2941.445578231293,284.9441084869472
2,T2R1,335,110.0,225.0,615.9833333333333,2941.445578231293,284.9441084869472
2,T2R1,760,335.0,425.0,615.9833333333333,2941.445578231293,284.9441084869472
2,T2R1,1350,760.0,590.0,615.9833333333333,2941.445578231293,284.9441084869472
2,T2R1,1800,1350.0,450.0,615.9833333333333,2941.445578231293,284.9441084869472
2,T2R1,2495,1800.0,695.0,615.9833333333333,2941.445578231293,284.9441084869472
2,T2R1,3455,2495.0,960.0,615.9833333333333,2941.445578231293,284.9441084869472
3,T2R1,40,3455.0,-3415.0,615.9833333333333,2941.445578231293,284.9441084869472
3,T2R1,135,40.0,95.0,615.9833333333333,2941.445578231293,284.9441084869472
3,T2R1,380,135.0,245.0,615.9833333333333,2941.445578231293,284.9441084869472
3,T2R1,740,380.0,360.0,615.9833333333333,2941.445578231293,284.9441084869472
3,T2R1,1220,740.0,480.0,615.9833333333333,2941.445578231293,284.9441084869472
3,T2R1,1795,1220.0,575.0,615.9833333333333,2941.445578231293,284.9441084869472
3,T2R1,2400,1795.0,605.0,615.9833333333333,2941.445578231293,284.9441084869472
3,T2R1,3655,2400.0,1255.0,615.9833333333333,2941.445578231293,284.9441084869472
4,T2R1,46,3655.0,-3609.0,615.9833333333333,2941.445578231293,284.9441084869472
4,T2R1,115,46.0,69.0,615.9833333333333,2941.445578231293,284.9441084869472
4,T2R1,340,115.0,225.0,615.9833333333333,2941.445578231293,284.9441084869472
4,T2R1,745,340.0,405.0,615.9833333333333,2941.445578231293,284.9441084869472
4,T2R1,1270,745.0,525.0,615.9833333333333,2941.445578231293,284.9441084869472
4,T2R1,1805,1270.0,535.0,615.9833333333333,2941.445578231293,284.9441084869472
4,T2R1,2400,1805.0,595.0,615.9833333333333,2941.445578231293,284.9441084869472
4,T2R1,3498,2400.0,1098.0,615.9833333333333,2941.445578231293,284.9441084869472
5,T2R1,40,3498.0,-3458.0,615.9833333333333,2941.445578231293,284.9441084869472
5,T2R1,105,40.0,65.0,615.9833333333333,2941.445578231293,284.9441084869472
5,T2R1,360,105.0,255.0,615.9833333333333,2941.445578231293,284.9441084869472
5,T2R1,710,360.0,350.0,615.9833333333333,2941.445578231293,284.9441084869472
5,T2R1,1250,710.0,540.0,615.9833333333333,2941.445578231293,284.9441084869472
5,T2R1,1795,1250.0,545.0,615.9833333333333,2941.445578231293,284.9441084869472
5,T2R1,2405,1795.0,610.0,615.9833333333333,2941.445578231293,284.9441084869472
5,T2R1,3455,2405.0,1050.0,615.9833333333333,2941.445578231293,284.9441084869472
6,T2R1,40,3455.0,-3415.0,615.9833333333333,2941.445578231293,284.9441084869472
6,T2R1,120,40.0,80.0,615.9833333333333,2941.445578231293,284.9441084869472
6,T2R1,315,120.0,195.0,615.9833333333333,2941.445578231293,284.9441084869472
6,T2R1,835,315.0,520.0,615.9833333333333,2941.445578231293,284.9441084869472
6,T2R1,1350,835.0,515.0,615.9833333333333,2941.445578231293,284.9441084869472
6,T2R1,1780,1350.0,430.0,615.9833333333333,2941.445578231293,284.9441084869472
6,T2R1,2495,1780.0,715.0,615.9833333333333,2941.445578231293,284.9441084869472
6,T2R1,3500,2495.0,1005.0,615.9833333333333,2941.445578231293,284.9441084869472
7,T2R1,40,3500.0,-3460.0,615.9833333333333,2941.445578231293,284.9441084869472
7,T2R1,120,40.0,80.0,615.9833333333333,2941.445578231293,284.9441084869472
7,T2R1,315,120.0,195.0,615.9833333333333,2941.445578231293,284.9441084869472
7,T2R1,810,315.0,495.0,615.9833333333333,2941.445578231293,284.9441084869472
7,T2R1,1450,810.0,640.0,615.9833333333333,2941.445578231293,284.9441084869472
7,T2R1,1850,1450.0,400.0,615.9833333333333,2941.445578231293,284.9441084869472
7,T2R1,2510,1850.0,660.0,615.9833333333333,2941.445578231293,284.9441084869472
7,T2R1,3560,2510.0,1050.0,615.9833333333333,2941.445578231293,284.9441084869472
8,T2R1,40,3560.0,-3520.0,615.9833333333333,2941.445578231293,284.9441084869472
8,T2R1,130,40.0,90.0,615.9833333333333,2941.445578231293,284.9441084869472
8,T2R1,345,130.0,215.0,615.9833333333333,2941.445578231293,284.9441084869472
8,T2R1,710,345.0,365.0,615.9833333333333,2941.445578231293,284.9441084869472
8,T2R1,1350,710.0,640.0,615.9833333333333,2941.445578231293,284.9441084869472
8,T2R1,1870,1350.0,520.0,615.9833333333333,2941.445578231293,284.9441084869472
8,T2R1,2555,1870.0,685.0,615.9833333333333,2941.445578231293,284.9441084869472
8,T2R1,3555,2555.0,1000.0,615.9833333333333,2941.445578231293,284.9441084869472
9,T2R1,40,3555.0,-3515.0,615.9833333333333,2941.445578231293,284.9441084869472
9,T2R1,125,40.0,85.0,615.9833333333333,2941.445578231293,284.9441084869472
9,T2R1,395,125.0,270.0,615.9833333333333,2941.445578231293,284.9441084869472
9,T2R1,725,395.0,330.0,615.9833333333333,2941.445578231293,284.9441084869472
9,T2R1,1345,725.0,620.0,615.9833333333333,2941.445578231293,284.9441084869472
9,T2R1,1875,1345.0,530.0,615.9833333333333,2941.445578231293,284.9441084869472
9,T2R1,2505,1875.0,630.0,615.9833333333333,2941.445578231293,284.9441084869472
9,T2R1,3530,2505.0,1025.0,615.9833333333333,2941.445578231293,284.9441084869472
10,T2R1,40,3530.0,-3490.0,615.9833333333333,2941.445578231293,284.9441084869472
10,T2R1,125,40.0,85.0,615.9833333333333,2941.445578231293,284.9441084869472
10,T2R1,360,125.0,235.0,615.9833333333333,2941.445578231293,284.9441084869472
10,T2R1,790,360.0,430.0,615.9833333333333,2941.445578231293,284.9441084869472
10,T2R1,1335,790.0,545.0,615.9833333333333,2941.445578231293,284.9441084869472
1,T2R2,35,,,615.9833333333333,2941.445578231293,284.9441084869472
1,T2R2,100,35.0,65.0,615.9833333333333,2941.445578231293,284.9441084869472
1,T2R2,310,100.0,210.0,615.9833333333333,2941.445578231293,284.9441084869472
1,T2R2,775,310.0,465.0,615.9833333333333,2941.445578231293,284.9441084869472
1,T2R2,1220,775.0,445.0,615.9833333333333,2941.445578231293,284.9441084869472
1,T2R2,1840,1220.0,620.0,615.9833333333333,2941.445578231293,284.9441084869472
1,T2R2,2490,1840.0,650.0,615.9833333333333,2941.445578231293,284.9441084869472
1,T2R2,3490,2490.0,1000.0,615.9833333333333,2941.445578231293,284.9441084869472
2,T2R2,40,3490.0,-3450.0,615.9833333333333,2941.445578231293,284.9441084869472
2,T2R2,100,40.0,60.0,615.9833333333333,2941.445578231293,284.9441084869472
2,T2R2,365,100.0,265.0,615.9833333333333,2941.445578231293,284.9441084869472
2,T2R2,820,365.0,455.0,615.9833333333333,2941.445578231293,284.9441084869472
2,T2R2,1300,820.0,480.0,615.9833333333333,2941.445578231293,284.9441084869472
2,T2R2,1800,1300.0,500.0,615.9833333333333,2941.445578231293,284.9441084869472
2,T2R2,2500,1800.0,700.0,615.9833333333333,2941.445578231293,284.9441084869472
2,T2R2,3455,2500.0,955.0,615.9833333333333,2941.445578231293,284.9441084869472
3,T2R2,40,3455.0,-3415.0,615.9833333333333,2941.445578231293,284.9441084869472
3,T2R2,110,40.0,70.0,615.9833333333333,2941.445578231293,284.9441084869472
3,T2R2,375,110.0,265.0,615.9833333333333,2941.445578231293,284.9441084869472
3,T2R2,800,375.0,425.0,615.9833333333333,2941.445578231293,284.9441084869472
3,T2R2,1300,800.0,500.0,615.9833333333333,2941.445578231293,284.9441084869472
3,T2R2,1885,1300.0,585.0,615.9833333333333,2941.445578231293,284.9441084869472
3,T2R2,2550,1885.0,665.0,615.9833333333333,2941.445578231293,284.9441084869472
3,T2R2,3460,2550.0,910.0,615.9833333333333,2941.445578231293,284.9441084869472
4,T2R2,40,3460.0,-3420.0,615.9833333333333,2941.445578231293,284.9441084869472
4,T2R2,105,40.0,65.0,615.9833333333333,2941.445578231293,284.9441084869472
4,T2R2,330,105.0,225.0,615.9833333333333,2941.445578231293,284.9441084869472
4,T2R2,825,330.0,495.0,615.9833333333333,2941.445578231293,284.9441084869472
4,T2R2,1400,825.0,575.0,615.9833333333333,2941.445578231293,284.9441084869472
4,T2R2,1815,1400.0,415.0,615.9833333333333,2941.445578231293,284.9441084869472
4,T2R2,2590,1815.0,775.0,615.9833333333333,2941.445578231293,284.9441084869472
4,T2R2,3468,2590.0,878.0,615.9833333333333,2941.445578231293,284.9441084869472
5,T2R2,40,3468.0,-3428.0,615.9833333333333,2941.445578231293,284.9441084869472
5,T2R2,120,40.0,80.0,615.9833333333333,2941.445578231293,284.9441084869472
5,T2R2,305,120.0,185.0,615.9833333333333,2941.445578231293,284.9441084869472
5,T2R2,820,305.0,515.0,615.9833333333333,2941.445578231293,284.9441084869472
5,T2R2,1365,820.0,545.0,615.9833333333333,2941.445578231293,284.9441084869472
5,T2R2,1815,1365.0,450.0,615.9833333333333,2941.445578231293,284.9441084869472
5,T2R2,2498,1815.0,683.0,615.9833333333333,2941.445578231293,284.9441084869472
5,T2R2,3465,2498.0,967.0,615.9833333333333,2941.445578231293,284.9441084869472
6,T2R2,40,3465.0,-3425.0,615.9833333333333,2941.445578231293,284.9441084869472
6,T2R2,120,40.0,80.0,615.9833333333333,2941.445578231293,284.9441084869472
6,T2R2,350,120.0,230.0,615.9833333333333,2941.445578231293,284.9441084869472
6,T2R2,870,350.0,520.0,615.9833333333333,2941.445578231293,284.9441084869472
6,T2R2,1410,870.0,540.0,615.9833333333333,2941.445578231293,284.9441084869472
6,T2R2,1885,1410.0,475.0,615.9833333333333,2941.445578231293,284.9441084869472
6,T2R2,2505,1885.0,620.0,615.9833333333333,2941.445578231293,284.9441084869472
6,T2R2,3640,2505.0,1135.0,615.9833333333333,2941.445578231293,284.9441084869472
7,T2R2,40,3640.0,-3600.0,615.9833333333333,2941.445578231293,284.9441084869472
7,T2R2,100,40.0,60.0,615.9833333333333,2941.445578231293,284.9441084869472
7,T2R2,350,100.0,250.0,615.9833333333333,2941.445578231293,284.9441084869472
7,T2R2,745,350.0,395.0,615.9833333333333,2941.445578231293,284.9441084869472
7,T2R2,1365,745.0,620.0,615.9833333333333,2941.445578231293,284.9441084869472
7,T2R2,1870,1365.0,505.0,615.9833333333333,2941.445578231293,284.9441084869472
7,T2R2,2460,1870.0,590.0,615.9833333333333,2941.445578231293,284.9441084869472
7,T2R2,3485,2460.0,1025.0,615.9833333333333,2941.445578231293,284.9441084869472
8,T2R2,40,3485.0,-3445.0,615.9833333333333,2941.445578231293,284.9441084869472
8,T2R2,130,40.0,90.0,615.9833333333333,2941.445578231293,284.9441084869472
8,T2R2,345,130.0,215.0,615.9833333333333,2941.445578231293,284.9441084869472
8,T2R2,750,345.0,405.0,615.9833333333333,2941.445578231293,284.9441084869472
8,T2R2,1410,750.0,660.0,615.9833333333333,2941.445578231293,284.9441084869472
8,T2R2,1815,1410.0,405.0,615.9833333333333,2941.445578231293,284.9441084869472
8,T2R2,2456,1815.0,641.0,615.9833333333333,2941.445578231293,284.9441084869472
8,T2R2,3650,2456.0,1194.0,615.9833333333333,2941.445578231293,284.9441084869472
9,T2R2,40,3650.0,-3610.0,615.9833333333333,2941.445578231293,284.9441084869472
9,T2R2,125,40.0,85.0,615.9833333333333,2941.445578231293,284.9441084869472
9,T2R2,355,125.0,230.0,615.9833333333333,2941.445578231293,284.9441084869472
9,T2R2,745,355.0,390.0,615.9833333333333,2941.445578231293,284.9441084869472
9,T2R2,1295,745.0,550.0,615.9833333333333,2941.445578231293,284.9441084869472
9,T2R2,1885,1295.0,590.0,615.9833333333333,2941.445578231293,284.9441084869472
9,T2R2,2435,1885.0,550.0,615.9833333333333,2941.445578231293,284.9441084869472
9,T2R2,3460,2435.0,1025.0,615.9833333333333,2941.445578231293,284.9441084869472
10,T2R2,40,3460.0,-3420.0,615.9833333333333,2941.445578231293,284.9441084869472
10,T2R2,125,40.0,85.0,615.9833333333333,2941.445578231293,284.9441084869472
10,T2R2,350,125.0,225.0,615.9833333333333,2941.445578231293,284.9441084869472
10,T2R2,800,350.0,450.0,615.9833333333333,2941.445578231293,284.9441084869472
10,T2R2,1375,800.0,575.0,615.9833333333333,2941.445578231293,284.9441084869472
10,T2R2,1870,1375.0,495.0,615.9833333333333,2941.445578231293,284.9441084869472
10,T2R2,2438,1870.0,568.0,615.9833333333333,2941.445578231293,284.9441084869472
10,T2R2,3475,2438.0,1037.0,615.9833333333333,2941.445578231293,284.9441084869472
1,T2R3,40,,,615.9833333333333,2941.445578231293,284.9441084869472
1,T2R3,110,40.0,70.0,615.9833333333333,2941.445578231293,284.9441084869472
1,T2R3,340,110.0,230.0,615.9833333333333,2941.445578231293,284.9441084869472
1,T2R3,740,340.0,400.0,615.9833333333333,2941.445578231293,284.9441084869472
1,T2R3,1295,740.0,555.0,615.9833333333333,2941.445578231293,284.9441084869472
1,T2R3,1860,1295.0,565.0,615.9833333333333,2941.445578231293,284.9441084869472
1,T2R3,2560,1860.0,700.0,615.9833333333333,2941.445578231293,284.9441084869472
1,T2R3,3455,2560.0,895.0,615.9833333333333,2941.445578231293,284.9441084869472
2,T2R3,40,3455.0,-3415.0,615.9833333333333,2941.445578231293,284.9441084869472
2,T2R3,125,40.0,85.0,615.9833333333333,2941.445578231293,284.9441084869472
2,T2R3,315,125.0,190.0,615.9833333333333,2941.445578231293,284.9441084869472
2,T2R3,745,315.0,430.0,615.9833333333333,2941.445578231293,284.9441084869472
2,T2R3,1300,745.0,555.0,615.9833333333333,2941.445578231293,284.9441084869472
2,T2R3,1815,1300.0,515.0,615.9833333333333,2941.445578231293,284.9441084869472
2,T2R3,2550,1815.0,735.0,615.9833333333333,2941.445578231293,284.9441084869472
2,T2R3,3505,2550.0,955.0,615.9833333333333,2941.445578231293,284.9441084869472
3,T2R3,35,3505.0,-3470.0,615.9833333333333,2941.445578231293,284.9441084869472
3,T2R3,120,35.0,85.0,615.9833333333333,2941.445578231293,284.9441084869472
3,T2R3,390,120.0,270.0,615.9833333333333,2941.445578231293,284.9441084869472
3,T2R3,700,390.0,310.0,615.9833333333333,2941.445578231293,284.9441084869472
3,T2R3,1290,700.0,590.0,615.9833333333333,2941.445578231293,284.9441084869472
3,T2R3,1830,1290.0,540.0,615.9833333333333,2941.445578231293,284.9441084869472
3,T2R3,2405,1830.0,575.0,615.9833333333333,2941.445578231293,284.9441084869472
3,T2R3,3510,2405.0,1105.0,615.9833333333333,2941.445578231293,284.9441084869472
4,T2R3,40,3510.0,-3470.0,615.9833333333333,2941.445578231293,284.9441084869472
4,T2R3,130,40.0,90.0,615.9833333333333,2941.445578231293,284.9441084869472
4,T2R3,340,130.0,210.0,615.9833333333333,2941.445578231293,284.9441084869472
4,T2R3,700,340.0,360.0,615.9833333333333,2941.445578231293,284.9441084869472
4,T2R3,1295,700.0,595.0,615.9833333333333,2941.445578231293,284.9441084869472
4,T2R3,1875,1295.0,580.0,615.9833333333333,2941.445578231293,284.9441084869472
4,T2R3,2390,1875.0,515.0,615.9833333333333,2941.445578231293,284.9441084869472
4,T2R3,3498,2390.0,1108.0,615.9833333333333,2941.445578231293,284.9441084869472
5,T2R3,40,3498.0,-3458.0,615.9833333333333,2941.445578231293,284.9441084869472
5,T2R3,100,40.0,60.0,615.9833333333333,2941.445578231293,284.9441084869472
5,T2R3,375,100.0,275.0,615.9833333333333,2941.445578231293,284.9441084869472
5,T2R3,880,375.0,505.0,615.9833333333333,2941.445578231293,284.9441084869472
5,T2R3,1270,880.0,390.0,615.9833333333333,2941.445578231293,284.9441084869472
5,T2R3,2005,1270.0,735.0,615.9833333333333,2941.445578231293,284.9441084869472
5,T2R3,2450,2005.0,445.0,615.9833333333333,2941.445578231293,284.9441084869472
5,T2R3,3475,2450.0,1025.0,615.9833333333333,2941.445578231293,284.9441084869472
6,T2R3,40,3475.0,-3435.0,615.9833333333333,2941.445578231293,284.9441084869472
6,T2R3,100,40.0,60.0,615.9833333333333,2941.445578231293,284.9441084869472
6,T2R3,325,100.0,225.0,615.9833333333333,2941.445578231293,284.9441084869472
6,T2R3,785,325.0,460.0,615.9833333333333,2941.445578231293,284.9441084869472
6,T2R3,1275,785.0,490.0,615.9833333333333,2941.445578231293,284.9441084869472
6,T2R3,1835,1275.0,560.0,615.9833333333333,2941.445578231293,284.9441084869472
6,T2R3,2455,1835.0,620.0,615.9833333333333,2941.445578231293,284.9441084869472
6,T2R3,3450,2455.0,995.0,615.9833333333333,2941.445578231293,284.9441084869472
7,T2R3,40,3450.0,-3410.0,615.9833333333333,2941.445578231293,284.9441084869472
7,T2R3,120,40.0,80.0,615.9833333333333,2941.445578231293,284.9441084869472
7,T2R3,380,120.0,260.0,615.9833333333333,2941.445578231293,284.9441084869472
7,T2R3,790,380.0,410.0,615.9833333333333,2941.445578231293,284.9441084869472
7,T2R3,1300,790.0,510.0,615.9833333333333,2941.445578231293,284.9441084869472
7,T2R3,1880,1300.0,580.0,615.9833333333333,2941.445578231293,284.9441084869472
7,T2R3,2555,1880.0,675.0,615.9833333333333,2941.445578231293,284.9441084869472
7,T2R3,3525,2555.0,970.0,615.9833333333333,2941.445578231293,284.9441084869472
8,T2R3,40,3525.0,-3485.0,615.9833333333333,2941.445578231293,284.9441084869472
8,T2R3,100,40.0,60.0,615.9833333333333,2941.445578231293,284.9441084869472
8,T2R3,345,100.0,245.0,615.9833333333333,2941.445578231293,284.9441084869472
8,T2R3,780,345.0,435.0,615.9833333333333,2941.445578231293,284.9441084869472
8,T2R3,1330,780.0,550.0,615.9833333333333,2941.445578231293,284.9441084869472
8,T2R3,1830,1330.0,500.0,615.9833333333333,2941.445578231293,284.9441084869472
8,T2R3,2580,1830.0,750.0,615.9833333333333,2941.445578231293,284.9441084869472
8,T2R3,3498,2580.0,918.0,615.9833333333333,2941.445578231293,284.9441084869472
9,T2R3,40,3498.0,-3458.0,615.9833333333333,2941.445578231293,284.9441084869472
9,T2R3,120,40.0,80.0,615.9833333333333,2941.445578231293,284.9441084869472
9,T2R3,345,120.0,225.0,615.9833333333333,2941.445578231293,284.9441084869472
9,T2R3,800,345.0,455.0,615.9833333333333,2941.445578231293,284.9441084869472
9,T2R3,1335,800.0,535.0,615.9833333333333,2941.445578231293,284.9441084869472
9,T2R3,1800,1335.0,465.0,615.9833333333333,2941.445578231293,284.9441084869472
9,T2R3,2575,1800.0,775.0,615.9833333333333,2941.445578231293,284.9441084869472
9,T2R3,3655,2575.0,1080.0,615.9833333333333,2941.445578231293,284.9441084869472
10,T2R3,40,3655.0,-3615.0,615.9833333333333,2941.445578231293,284.9441084869472
10,T2R3,125,40.0,85.0,615.9833333333333,2941.445578231293,284.9441084869472
10,T2R3,365,125.0,240.0,615.9833333333333,2941.445578231293,284.9441084869472
10,T2R3,770,365.0,405.0,615.9833333333333,2941.445578231293,284.9441084869472
1,T2R4,40,,,615.9833333333333,2941.445578231293,284.9441084869472
1,T2R4,100,40.0,60.0,615.9833333333333,2941.445578231293,284.9441084869472
1,T2R4,350,100.0,250.0,615.9833333333333,2941.445578231293,284.9441084869472
1,T2R4,770,350.0,420.0,615.9833333333333,2941.445578231293,284.9441084869472
1,T2R4,1435,770.0,665.0,615.9833333333333,2941.445578231293,284.9441084869472
1,T2R4,1775,1435.0,340.0,615.9833333333333,2941.445578231293,284.9441084869472
1,T2R4,2399,1775.0,624.0,615.9833333333333,2941.445578231293,284.9441084869472
1,T2R4,3467,2399.0,1068.0,615.9833333333333,2941.445578231293,284.9441084869472
2,T2R4,40,3467.0,-3427.0,615.9833333333333,2941.445578231293,284.9441084869472
2,T2R4,110,40.0,70.0,615.9833333333333,2941.445578231293,284.9441084869472
2,T2R4,300,110.0,190.0,615.9833333333333,2941.445578231293,284.9441084869472
2,T2R4,935,300.0,635.0,615.9833333333333,2941.445578231293,284.9441084869472
2,T2R4,1285,935.0,350.0,615.9833333333333,2941.445578231293,284.9441084869472
2,T2R4,1785,1285.0,500.0,615.9833333333333,2941.445578231293,284.9441084869472
2,T2R4,2495,1785.0,710.0,615.9833333333333,2941.445578231293,284.9441084869472
2,T2R4,3605,2495.0,1110.0,615.9833333333333,2941.445578231293,284.9441084869472
3,T2R4,40,3605.0,-3565.0,615.9833333333333,2941.445578231293,284.9441084869472
3,T2R4,120,40.0,80.0,615.9833333333333,2941.445578231293,284.9441084869472
3,T2R4,390,120.0,270.0,615.9833333333333,2941.445578231293,284.9441084869472
3,T2R4,735,390.0,345.0,615.9833333333333,2941.445578231293,284.9441084869472
3,T2R4,1300,735.0,565.0,615.9833333333333,2941.445578231293,284.9441084869472
3,T2R4,1840,1300.0,540.0,615.9833333333333,2941.445578231293,284.9441084869472
3,T2R4,2497,1840.0,657.0,615.9833333333333,2941.445578231293,284.9441084869472
3,T2R4,3635,2497.0,1138.0,615.9833333333333,2941.445578231293,284.9441084869472
4,T2R4,40,3635.0,-3595.0,615.9833333333333,2941.445578231293,284.9441084869472
4,T2R4,125,40.0,85.0,615.9833333333333,2941.445578231293,284.9441084869472
4,T2R4,300,125.0,175.0,615.9833333333333,2941.445578231293,284.9441084869472
4,T2R4,850,300.0,550.0,615.9833333333333,2941.445578231293,284.9441084869472
4,T2R4,1545,850.0,695.0,615.9833333333333,2941.445578231293,284.9441084869472
4,T2R4,1860,1545.0,315.0,615.9833333333333,2941.445578231293,284.9441084869472
4,T2R4,2550,1860.0,690.0,615.9833333333333,2941.445578231293,284.9441084869472
4,T2R4,3495,2550.0,945.0,615.9833333333333,2941.445578231293,284.9441084869472
5,T2R4,40,3495.0,-3455.0,615.9833333333333,2941.445578231293,284.9441084869472
5,T2R4,120,40.0,80.0,615.9833333333333,2941.445578231293,284.9441084869472
5,T2R4,390,120.0,270.0,615.9833333333333,2941.445578231293,284.9441084869472
5,T2R4,730,390.0,340.0,615.9833333333333,2941.445578231293,284.9441084869472
5,T2R4,1295,730.0,565.0,615.9833333333333,2941.445578231293,284.9441084869472
5,T2R4,1800,1295.0,505.0,615.9833333333333,2941.445578231293,284.9441084869472
5,T2R4,2540,1800.0,740.0,615.9833333333333,2941.445578231293,284.9441084869472
5,T2R4,3457,2540.0,917.0,615.9833333333333,2941.445578231293,284.9441084869472
6,T2R4,40,3457.0,-3417.0,615.9833333333333,2941.445578231293,284.9441084869472
6,T2R4,120,40.0,80.0,615.9833333333333,2941.445578231293,284.9441084869472
6,T2R4,310,120.0,190.0,615.9833333333333,2941.445578231293,284.9441084869472
6,T2R4,830,310.0,520.0,615.9833333333333,2941.445578231293,284.9441084869472
6,T2R4,1295,830.0,465.0,615.9833333333333,2941.445578231293,284.9441084869472
6,T2R4,1935,1295.0,640.0,615.9833333333333,2941.445578231293,284.9441084869472
6,T2R4,2530,1935.0,595.0,615.9833333333333,2941.445578231293,284.9441084869472
6,T2R4,3478,2530.0,948.0,615.9833333333333,2941.445578231293,284.9441084869472
7,T2R4,40,3478.0,-3438.0,615.9833333333333,2941.445578231293,284.9441084869472
7,T2R4,100,40.0,60.0,615.9833333333333,2941.445578231293,284.9441084869472
7,T2R4,365,100.0,265.0,615.9833333333333,2941.445578231293,284.9441084869472
7,T2R4,750,365.0,385.0,615.9833333333333,2941.445578231293,284.9441084869472
7,T2R4,1295,750.0,545.0,615.9833333333333,2941.445578231293,284.9441084869472
7,T2R4,1820,1295.0,525.0,615.9833333333333,2941.445578231293,284.9441084869472
7,T2R4,2520,1820.0,700.0,615.9833333333333,2941.445578231293,284.9441084869472
7,T2R4,3685,2520.0,1165.0,615.9833333333333,2941.445578231293,284.9441084869472
8,T2R4,35,3685.0,-3650.0,615.9833333333333,2941.445578231293,284.9441084869472
8,T2R4,105,35.0,70.0,615.9833333333333,2941.445578231293,284.9441084869472
8,T2R4,435,105.0,330.0,615.9833333333333,2941.445578231293,284.9441084869472
8,T2R4,785,435.0,350.0,615.9833333333333,2941.445578231293,284.9441084869472
8,T2R4,1200,785.0,415.0,615.9833333333333,2941.445578231293,284.9441084869472
8,T2R4,1815,1200.0,615.0,615.9833333333333,2941.445578231293,284.9441084869472
8,T2R4,2505,1815.0,690.0,615.9833333333333,2941.445578231293,284.9441084869472
8,T2R4,3479,2505.0,974.0,615.9833333333333,2941.445578231293,284.9441084869472
9,T2R4,40,3479.0,-3439.0,615.9833333333333,2941.445578231293,284.9441084869472
9,T2R4,130,40.0,90.0,615.9833333333333,2941.445578231293,284.9441084869472
9,T2R4,310,130.0,180.0,615.9833333333333,2941.445578231293,284.9441084869472
9,T2R4,830,310.0,520.0,615.9833333333333,2941.445578231293,284.9441084869472
9,T2R4,1325,830.0,495.0,615.9833333333333,2941.445578231293,284.9441084869472
9,T2R4,2145,1325.0,820.0,615.9833333333333,2941.445578231293,284.9441084869472
9,T2R4,2490,2145.0,345.0,615.9833333333333,2941.445578231293,284.9441084869472
9,T2R4,3420,2490.0,930.0,615.9833333333333,2941.445578231293,284.9441084869472
10,T2R4,40,3420.0,-3380.0,615.9833333333333,2941.445578231293,284.9441084869472
10,T2R4,120,40.0,80.0,615.9833333333333,2941.445578231293,284.9441084869472
10,T2R4,100,120.0,-20.0,615.9833333333333,2941.445578231293,284.9441084869472
10,T2R4,770,100.0,670.0,615.9833333333333,2941.445578231293,284.9441084869472
10,T2R4,1380,770.0,610.0,615.9833333333333,2941.445578231293,284.9441084869472
10,T2R4,1965,1380.0,585.0,615.9833333333333,2941.445578231293,284.9441084869472
1,T2R5,40,,,615.9833333333333,2941.445578231293,284.9441084869472
1,T2R5,105,40.0,65.0,615.9833333333333,2941.445578231293,284.9441084869472
1,T2R5,345,105.0,240.0,615.9833333333333,2941.445578231293,284.9441084869472
1,T2R5,750,345.0,405.0,615.9833333333333,2941.445578231293,284.9441084869472
1,T2R5,1225,750.0,475.0,615.9833333333333,2941.445578231293,284.9441084869472
1,T2R5,1770,1225.0,545.0,615.9833333333333,2941.445578231293,284.9441084869472
1,T2R5,2500,1770.0,730.0,615.9833333333333,2941.445578231293,284.9441084869472
1,T2R5,3670,2500.0,1170.0,615.9833333333333,2941.445578231293,284.9441084869472
2,T2R5,40,3670.0,-3630.0,615.9833333333333,2941.445578231293,284.9441084869472
2,T2R5,100,40.0,60.0,615.9833333333333,2941.445578231293,284.9441084869472
2,T2R5,325,100.0,225.0,615.9833333333333,2941.445578231293,284.9441084869472
2,T2R5,760,325.0,435.0,615.9833333333333,2941.445578231293,284.9441084869472
2,T2R5,1295,760.0,535.0,615.9833333333333,2941.445578231293,284.9441084869472
2,T2R5,1760,1295.0,465.0,615.9833333333333,2941.445578231293,284.9441084869472
2,T2R5,2540,1760.0,780.0,615.9833333333333,2941.445578231293,284.9441084869472
2,T2R5,3465,2540.0,925.0,615.9833333333333,2941.445578231293,284.9441084869472
3,T2R5,40,3465.0,-3425.0,615.9833333333333,2941.445578231293,284.9441084869472
3,T2R5,110,40.0,70.0,615.9833333333333,2941.445578231293,284.9441084869472
3,T2R5,385,110.0,275.0,615.9833333333333,2941.445578231293,284.9441084869472
3,T2R5,770,385.0,385.0,615.9833333333333,2941.445578231293,284.9441084869472
3,T2R5,1350,770.0,580.0,615.9833333333333,2941.445578231293,284.9441084869472
3,T2R5,2065,1350.0,715.0,615.9833333333333,2941.445578231293,284.9441084869472
3,T2R5,2395,2065.0,330.0,615.9833333333333,2941.445578231293,284.9441084869472
3,T2R5,3455,2395.0,1060.0,615.9833333333333,2941.445578231293,284.9441084869472
4,T2R5,35,3455.0,-3420.0,615.9833333333333,2941.445578231293,284.9441084869472
4,T2R5,100,35.0,65.0,615.9833333333333,2941.445578231293,284.9441084869472
4,T2R5,380,100.0,280.0,615.9833333333333,2941.445578231293,284.9441084869472
4,T2R5,760,380.0,380.0,615.9833333333333,2941.445578231293,284.9441084869472
4,T2R5,1225,760.0,465.0,615.9833333333333,2941.445578231293,284.9441084869472
4,T2R5,1795,1225.0,570.0,615.9833333333333,2941.445578231293,284.9441084869472
4,T2R5,2440,1795.0,645.0,615.9833333333333,2941.445578231293,284.9441084869472
4,T2R5,3695,2440.0,1255.0,615.9833333333333,2941.445578231293,284.9441084869472
5,T2R5,40,3695.0,-3655.0,615.9833333333333,2941.445578231293,284.9441084869472
5,T2R5,100,40.0,60.0,615.9833333333333,2941.445578231293,284.9441084869472
5,T2R5,330,100.0,230.0,615.9833333333333,2941.445578231293,284.9441084869472
5,T2R5,725,330.0,395.0,615.9833333333333,2941.445578231293,284.9441084869472
5,T2R5,1265,725.0,540.0,615.9833333333333,2941.445578231293,284.9441084869472
5,T2R5,1820,1265.0,555.0,615.9833333333333,2941.445578231293,284.9441084869472
5,T2R5,2445,1820.0,625.0,615.9833333333333,2941.445578231293,284.9441084869472
5,T2R5,3455,2445.0,1010.0,615.9833333333333,2941.445578231293,284.9441084869472
6,T2R5,35,3455.0,-3420.0,615.9833333333333,2941.445578231293,284.9441084869472
6,T2R5,120,35.0,85.0,615.9833333333333,2941.445578231293,284.9441084869472
6,T2R5,380,120.0,260.0,615.9833333333333,2941.445578231293,284.9441084869472
6,T2R5,830,380.0,450.0,615.9833333333333,2941.445578231293,284.9441084869472
6,T2R5,1250,830.0,420.0,615.9833333333333,2941.445578231293,284.9441084869472
6,T2R5,1905,1250.0,655.0,615.9833333333333,2941.445578231293,284.9441084869472
6,T2R5,2435,1905.0,530.0,615.9833333333333,2941.445578231293,284.9441084869472
6,T2R5,3465,2435.0,1030.0,615.9833333333333,2941.445578231293,284.9441084869472
7,T2R5,40,3465.0,-3425.0,615.9833333333333,2941.445578231293,284.9441084869472
7,T2R5,120,40.0,80.0,615.9833333333333,2941.445578231293,284.9441084869472
7,T2R5,365,120.0,245.0,615.9833333333333,2941.445578231293,284.9441084869472
7,T2R5,760,365.0,395.0,615.9833333333333,2941.445578231293,284.9441084869472
7,T2R5,1375,760.0,615.0,615.9833333333333,2941.445578231293,284.9441084869472
7,T2R5,2065,1375.0,690.0,615.9833333333333,2941.445578231293,284.9441084869472
7,T2R5,2460,2065.0,395.0,615.9833333333333,2941.445578231293,284.9441084869472
7,T2R5,3520,2460.0,1060.0,615.9833333333333,2941.445578231293,284.9441084869472
8,T2R5,45,3520.0,-3475.0,615.9833333333333,2941.445578231293,284.9441084869472
8,T2R5,130,45.0,85.0,615.9833333333333,2941.445578231293,284.9441084869472
8,T2R5,315,130.0,185.0,615.9833333333333,2941.445578231293,284.9441084869472
8,T2R5,735,315.0,420.0,615.9833333333333,2941.445578231293,284.9441084869472
8,T2R5,1365,735.0,630.0,615.9833333333333,2941.445578231293,284.9441084869472
8,T2R5,1870,1365.0,505.0,615.9833333333333,2941.445578231293,284.9441084869472
8,T2R5,2500,1870.0,630.0,615.9833333333333,2941.445578231293,284.9441084869472
8,T2R5,3560,2500.0,1060.0,615.9833333333333,2941.445578231293,284.9441084869472
9,T2R5,40,3560.0,-3520.0,615.9833333333333,2941.445578231293,284.9441084869472
9,T2R5,125,40.0,85.0,615.9833333333333,2941.445578231293,284.9441084869472
9,T2R5,335,125.0,210.0,615.9833333333333,2941.445578231293,284.9441084869472
9,T2R5,790,335.0,455.0,615.9833333333333,2941.445578231293,284.9441084869472
9,T2R5,1410,790.0,620.0,615.9833333333333,2941.445578231293,284.9441084869472
9,T2R5,1895,1410.0,485.0,615.9833333333333,2941.445578231293,284.9441084869472
9,T2R5,2505,1895.0,610.0,615.9833333333333,2941.445578231293,284.9441084869472
9,T2R5,3535,2505.0,1030.0,615.9833333333333,2941.445578231293,284.9441084869472
10,T2R5,40,3535.0,-3495.0,615.9833333333333,2941.445578231293,284.9441084869472
10,T2R5,100,40.0,60.0,615.9833333333333,2941.445578231293,284.9441084869472
10,T2R5,300,100.0,200.0,615.9833333333333,2941.445578231293,284.9441084869472
10,T2R5,750,300.0,450.0,615.9833333333333,2941.445578231293,284.9441084869472
10,T2R5,1365,750.0,615.0,615.9833333333333,2941.445578231293,284.9441084869472
10,T2R5,1830,1365.0,465.0,615.9833333333333,2941.445578231293,284.9441084869472
